y_true,y_pred,proba
1,1,0.5152198300268154
1,1,0.5038059228580507
1,1,0.5026531646923339
1,1,0.5045521128857835
1,1,0.5066161569611582
1,1,0.4987926469561658
1,1,0.4159730302408281
1,0,0.2861259410127576
1,0,0.2111102074222237
0,0,0.2018116359551349
0,0,0.2482692593614373
0,0,0.20435838545689897
0,0,0.2131085571923656
0,0,0.0982492851561301
0,0,0.08550839659072004
0,0,0.08391707500606088
0,0,0.08850407863842531
0,0,0.08495373499632788
0,0,0.083269704201933
0,0,0.07981891989433593
0,0,0.07317059131218709
0,0,0.08548103201866854
0,0,0.0925799313335168
0,0,0.08386741403175346
0,0,0.08112106181925813
0,0,0.06681531513037545
0,0,0.07578449779958049
0,0,0.06978635873541805
0,0,0.0724689413377628
0,0,0.06623996801529822
0,0,0.06154952302118408
0,0,0.06787933336155418
0,0,0.06459811280492231
0,0,0.0654222880109108
0,0,0.06442906954454833
0,0,0.06544660027464426
0,0,0.06505980983454612
0,0,0.06192639665911971
0,0,0.06260573295820927
0,0,0.06584448035702381
0,0,0.06694222084040628
0,0,0.06247026276085299
0,0,0.05771073098722755
0,0,0.055354268485435704
0,0,0.05696440575986652
0,0,0.0537393139431217
0,0,0.058267935456792916
0,0,0.05871707767503085
0,0,0.05626977884112596
0,0,0.05597623555180877
0,0,0.05476470472943094
0,0,0.05231953782848352
0,0,0.052837808704864486
0,0,0.05222462914858904
0,0,0.05335563510491542
0,0,0.0533710342841989
0,0,0.05371418794261627
0,0,0.0552160065553219
0,0,0.057318061412063415
0,0,0.058388194365111654
0,0,0.05507826580320965
0,0,0.0565055825032917
0,0,0.05511151315035513
0,0,0.05724021165653059
0,0,0.058268983651631245
0,0,0.05833475435824849
0,0,0.0583247585173253
0,0,0.057649598475932214
0,0,0.058632301273083914
0,0,0.05780844377001635
0,0,0.05637576586253453
0,0,0.05966529527415057
0,0,0.06174949534719537
0,0,0.05782914715043827
0,0,0.057063550730027515
0,0,0.05824364729865239
0,0,0.05436840761071423
0,0,0.05401403169157844
0,0,0.05888354307127307
0,0,0.05779084323767554
0,0,0.058022781616381136
0,0,0.06125911935197813
0,0,0.05878613775448141
0,0,0.0583329731162356
0,0,0.057567497077659055
0,0,0.06121644970407737
0,0,0.060217473284629244
0,0,0.05843714957220021
0,0,0.0607791007005731
0,0,0.05690217502749077
0,0,0.0593076784204708
0,0,0.06130552455766318
0,0,0.06064175436915263
0,0,0.06321587725724816
0,0,0.06407437072422573
0,0,0.06031227460875749
0,0,0.0627022975813186
0,0,0.06003764201002941
0,0,0.06310373038538147
0,0,0.05890255040366457
0,0,0.0661292834561114
0,0,0.06214547257366393
0,0,0.0634363948736953
0,0,0.06060513049970091
0,0,0.06506103825101626
0,0,0.0662700917144405
0,0,0.08021822477218682
0,0,0.07662334179936903
0,0,0.0791245319519958
0,0,0.08072442566486392
0,0,0.07975275288004058
0,0,0.0757913346370549
0,0,0.07916143892186392
0,0,0.079612984067248
0,0,0.07686605232864967
0,0,0.07703585911510819
0,0,0.08059485408695295
0,0,0.08195834647983544
0,0,0.08184849994377175
0,0,0.07990913257816382
0,0,0.08201442905828879
0,0,0.08368405620602573
0,0,0.08269471893112416
0,0,0.08170982119732935
0,0,0.08276069795469268
0,0,0.08332984954989058
0,0,0.08248875180372851
0,0,0.08084921016782098
0,0,0.08266261853075135
0,0,0.08339502201262186
0,0,0.08210206926025827
0,0,0.08231089442547895
0,0,0.08327250658640709
0,0,0.08399014403466212
0,0,0.08287046362665271
0,0,0.08286893872601978
0,0,0.08351830504415722
0,0,0.0850636469188265
0,0,0.08101613890809045
0,0,0.07982833455943268
0,0,0.08257587993838908
0,0,0.08220114802624368
0,0,0.08173838194150276
0,0,0.08046316476292538
0,0,0.08161067110183276
0,0,0.08361158457234143
0,0,0.08163932855695843
0,0,0.08043182202886413
0,0,0.07994195959329212
0,0,0.0830179293828511
0,0,0.08780502991277797
0,0,0.08822787176728786
0,0,0.09448869317170555
0,0,0.09908557456020277
0,0,0.09277026914952483
0,0,0.10496663621739384
0,0,0.10568448730148153
0,0,0.14957256827523907
0,0,0.16140333331066303
0,0,0.16393437716215536
0,0,0.15664888001765478
0,0,0.15502214474279483
0,0,0.15606734818634027
0,0,0.1786132405246878
0,0,0.22281787501244374
0,0,0.23702161313458667
0,0,0.2401183458379042
0,0,0.22522246078410013
0,0,0.2154726333137028
0,0,0.24243725621639173
0,0,0.24393934818469343
0,0,0.24476424407965564
0,0,0.2549288923994372
0,0,0.24986157320959262
0,0,0.23536763494674007
0,0,0.23520204449396656
0,0,0.22846316294234448
0,0,0.23414647841239777
0,0,0.2513610990377284
0,0,0.24446682377504333
1,0,0.24317182260616965
1,0,0.26585125114673247
1,0,0.28661224396460183
1,0,0.29913539312258286
1,0,0.3066101624097044
0,0,0.32168757800468506
1,0,0.3074146676536816
1,0,0.3112213167443134
1,0,0.31992609572353936
1,0,0.3220583075538825
1,0,0.32302343295405916
1,0,0.3213214019624899
1,0,0.3179256094001205
1,0,0.3188786583151561
1,0,0.3212744999856895
1,0,0.3136889200440551
1,0,0.32124516081477394
1,0,0.3155983511792699
1,0,0.30616435408338166
1,0,0.31476108558970595
1,0,0.30903725439332497
1,0,0.3193590594711613
1,0,0.31790926058071334
1,0,0.3329670068972396
1,0,0.31705066452892866
1,0,0.3377140577101236
1,0,0.33933023961178366
1,0,0.33370982992087306
1,0,0.337308374981691
1,0,0.32699529007438966
1,0,0.3432412018585606
1,0,0.3442328475705009
1,0,0.35457828783137146
1,0,0.3538961502267206
1,0,0.35178475247284685
1,0,0.36845181439214514
1,1,0.3700929975870697
1,0,0.36347360335536705
1,1,0.37267675693273694
1,1,0.37434835398609556
1,1,0.378408341422856
1,1,0.3921302677902039
1,1,0.3907909547050876
1,1,0.3858646923744459
1,1,0.3900779626149373
1,1,0.4047614523799907
1,1,0.40127464587442946
1,1,0.4048464541357711
1,1,0.4197963270489632
1,1,0.40960287504059856
1,1,0.4269438958761927
1,1,0.427750258930324
1,1,0.4386393045972601
1,1,0.43489729485459405
1,1,0.43738972293495854
1,1,0.4364501299873923
1,1,0.45060958753634295
1,1,0.45209236388688623
1,1,0.45513338815408866
1,1,0.4512613037350617
1,1,0.4540705535171197
1,1,0.44821933757617005
1,1,0.4476413267754422
1,1,0.4630427934983454
1,1,0.46525299066692904
1,1,0.46975179998244065
1,1,0.4655443514446004
1,1,0.4620946503362114
1,1,0.463886164494977
1,1,0.46473163619936053
1,1,0.464007945529384
1,1,0.46041995306168315
1,1,0.46222130835671404
1,1,0.46876724204211984
1,1,0.4606412819891037
1,1,0.4544975085811082
1,1,0.4565942351637295
1,1,0.4603353385921541
1,1,0.45719822465932136
1,1,0.4577806093039877
1,1,0.4622199960743303
1,1,0.46998268955279865
1,1,0.4713099092865278
1,1,0.47073283132834365
1,1,0.4728453647277072
1,1,0.47408599056844936
1,1,0.47330478652479946
1,1,0.49512101296969757
1,1,0.5065805726359959
1,1,0.5038286382462811
1,1,0.5030950783300041
1,1,0.5077886528916088
1,1,0.5080074779928164
1,1,0.504645669823024
1,1,0.5039803313969108
1,1,0.5064995020510099
1,1,0.5060416240345097
1,1,0.510930205063446
1,1,0.5124838206579181
1,1,0.5151004064234341
1,1,0.5211158992358038
1,1,0.5210442735631531
1,1,0.5205924596017354
1,1,0.5209165690388475
1,1,0.5217452351385656
1,1,0.5224214878269176
1,1,0.5224075828599992
1,1,0.5228922484299582
1,1,0.5227070108907405
1,1,0.5174292998337112
1,1,0.5218908513555012
1,1,0.5203390429321503
1,1,0.5190618753343097
1,1,0.5181371207537844
1,1,0.47307696119374787
0,1,0.40384047843988297
0,0,0.3392410738875843
0,0,0.29928203122675406
0,0,0.3054040784510905
0,0,0.2507586208228237
0,0,0.23124140950894959
0,0,0.10808210481202886
0,0,0.095744919935436
0,0,0.09884110631721611
0,0,0.09858545578973853
0,0,0.0948312681464927
0,0,0.09341533475551536
0,0,0.0933435383840207
0,0,0.09152779639038955
0,0,0.09182677147514343
0,0,0.08640451338456559
0,0,0.0838655503492497
0,0,0.08083997850143444
0,0,0.08158180777562316
0,0,0.08007683625157477
0,0,0.07494374812170172
0,0,0.07650084408238389
0,0,0.07477155740562504
0,0,0.07294730990108032
0,0,0.07299585518381285
0,0,0.06989778968057515
0,0,0.062037078941000856
0,0,0.06619695801735706
0,0,0.06507572389639285
0,0,0.06256141304871353
0,0,0.06539102664762672
0,0,0.06292771582882815
0,0,0.06650635347258159
0,0,0.06422129278881475
0,0,0.06751776207674227
0,0,0.06111355707177826
0,0,0.05968989097883315
0,0,0.06076640128737589
0,0,0.06239500285184105
0,0,0.06090896498153169
0,0,0.0640315150248054
0,0,0.0636232996397494
0,0,0.06331780379652999
0,0,0.06473487708227145
0,0,0.06778227627015915
0,0,0.06636762162797401
0,0,0.07216080801346124
0,0,0.07354141008085863
0,0,0.07039838748312974
0,0,0.0683004336303232
0,0,0.06313838061340467
0,0,0.06273947025050688
0,0,0.06411782185662021
0,0,0.06256628275096358
0,0,0.06015623708124334
0,0,0.06087627379579524
0,0,0.05952111274114406
0,0,0.05970747376987657
0,0,0.05852722698527929
0,0,0.062095159922939645
0,0,0.06301946028173527
0,0,0.06295942558438894
0,0,0.0625674761444239
0,0,0.0655723481718597
0,0,0.06305647123392263
0,0,0.06030702250724491
0,0,0.06041572808076465
0,0,0.059135652909550446
0,0,0.05906361974658323
0,0,0.05698454784492447
0,0,0.058462619981835336
0,0,0.05603280918864721
0,0,0.05800985442040444
0,0,0.06129758603906954
0,0,0.06000631872711447
0,0,0.05889554367803812
0,0,0.05763866086916705
0,0,0.060432574149502954
0,0,0.05888138801546916
0,0,0.059890006290974164
0,0,0.06045200691591787
0,0,0.05849799097719776
0,0,0.055286352503348304
0,0,0.05698250697533427
0,0,0.05667017112112283
0,0,0.0613780382805684
0,0,0.05994374083522769
0,0,0.0613104582928575
0,0,0.06063780665991764
0,0,0.060558440342512565
0,0,0.05625092924870567
0,0,0.0553782930314138
0,0,0.05816765243306525
0,0,0.05961271741047164
0,0,0.06086265221689086
0,0,0.05836410105194964
0,0,0.058522271101132665
0,0,0.05737562050613458
0,0,0.0541184453497158
0,0,0.057268304833167465
0,0,0.053936851982259386
0,0,0.052499118384694024
0,0,0.054950907591733066
0,0,0.056220590438330977
0,0,0.051725042684322535
0,0,0.051655463334205454
0,0,0.06054292273818576
0,0,0.05572101717717092
0,0,0.0561864098499583
0,0,0.05585633872634566
0,0,0.05885667328851117
0,0,0.05420445934495656
0,0,0.05540669846864158
0,0,0.05874716602816374
0,0,0.05533500456100306
0,0,0.05458822644167254
0,0,0.06229456998835378
0,0,0.05698492569111236
0,0,0.05886833091191357
0,0,0.0540736011729669
0,0,0.05706312543457681
0,0,0.05465739379049215
0,0,0.055816322534740594
0,0,0.0540133358698911
0,0,0.05269963426127916
0,0,0.05560732015167521
0,0,0.05966704974725914
0,0,0.05598215590394905
0,0,0.05838772048566103
0,0,0.05678645396180226
0,0,0.05705447343599426
0,0,0.05232758277972046
0,0,0.05291564467524038
0,0,0.0531669617842508
0,0,0.05259240771614993
0,0,0.051205896567329094
0,0,0.05229527203223977
0,0,0.05235940983851621
0,0,0.053909440438974374
0,0,0.05659392803105035
0,0,0.05475505778482169
0,0,0.05528722003818499
0,0,0.05936065654376427
0,0,0.060482841191357675
0,0,0.05928046106781529
0,0,0.059363657589852806
0,0,0.06093115430535062
0,0,0.06964189160907876
0,0,0.06676454087364658
0,0,0.06710457981367654
0,0,0.08834407386550672
0,0,0.08648733405893053
0,0,0.07989872012376947
0,0,0.0893759089833264
0,0,0.08077054634741807
0,0,0.08172883387588788
0,0,0.09179567962112517
0,0,0.11577301034441695
0,0,0.1201784816928072
0,0,0.09984024702214353
0,0,0.09173064521324337
0,0,0.11942573054555482
0,0,0.10921690751709792
0,0,0.11379061310617067
0,0,0.1343424190561446
0,0,0.11347547432448093
0,0,0.1077334723929856
0,0,0.12710389451485032
0,0,0.1251170191526212
0,0,0.1365131483333282
0,0,0.14559349938184027
0,0,0.17097782161466013
0,0,0.2018472129145518
0,0,0.2144552682735955
0,0,0.2362279549750448
0,0,0.2393773730635163
0,0,0.23101270215625594
0,0,0.23121535283351952
0,0,0.23076962345496888
0,0,0.23541028125963076
0,0,0.2547445502032643
0,0,0.27197307708801266
0,0,0.2590127301547947
0,0,0.2609216593646224
0,0,0.27582306704392867
0,0,0.27072392116078203
0,0,0.28704948341604536
0,0,0.29759672234614265
0,0,0.2947633726910923
0,0,0.3284685358720728
0,0,0.3079033861443592
0,0,0.3359648486730942
0,0,0.3384962901034223
0,0,0.34705236748972945
0,0,0.3636112651364807
0,1,0.38051942675256734
0,1,0.3793419492651753
0,1,0.42840338242826353
0,1,0.4603679378591298
0,1,0.4484031435513174
0,1,0.47061966772560304
0,1,0.4793852123831705
0,1,0.46416518391012973
0,1,0.47081088114076425
0,1,0.47553385504459544
0,1,0.4817131616480404
0,1,0.4699149444878481
0,1,0.4703312180192223
0,1,0.5058606198847904
0,1,0.5132372157738708
0,1,0.507356274763715
1,1,0.5155457143727262
1,1,0.5170645762817963
1,1,0.5182737208160811
0,1,0.5165357016421028
1,1,0.5202361381722899
1,1,0.5208177143468765
0,1,0.5173809703491141
1,1,0.5195200928261908
1,1,0.520775760997351
1,1,0.520737447698677
1,1,0.5205128026549461
1,1,0.5212959481484732
1,1,0.5251155939055151
1,1,0.5275976628410785
1,1,0.5283993771767136
1,1,0.5274645574146324
1,1,0.527065178006355
1,1,0.5270714844104744
1,1,0.5258398918147477
1,1,0.5278697021948332
1,1,0.5317318213098303
1,1,0.5323053634872029
1,1,0.5305832488162004
1,1,0.5296003259484481
1,1,0.5308047312154586
1,1,0.535786592708499
1,1,0.5353557973356906
1,1,0.5357632793605345
1,1,0.5325776572575152
1,1,0.535042772273441
1,1,0.5350040196390802
0,1,0.5380865300771975
1,1,0.5391798442717369
0,1,0.5403139718076777
0,1,0.5369994834844017
0,1,0.5372639551391896
0,1,0.5413031892582361
0,1,0.5406163672865429
0,1,0.5376207234405942
0,1,0.5394389815725317
0,1,0.5416574207838852
0,1,0.5415954726365548
0,1,0.5421344905101414
0,1,0.5422876859673855
0,1,0.5406585934223835
0,1,0.538765423860104
0,1,0.5399442956838174
0,1,0.5398686673828234
0,1,0.541358830248788
0,1,0.5465277129243157
0,1,0.5405933363062269
0,1,0.5446925126787189
0,1,0.5392008722260581
0,1,0.5365513951012323
0,1,0.5352810066111472
0,1,0.5336099188485114
0,1,0.5330020039586045
0,1,0.5340036815056262
0,1,0.5351898048474055
0,1,0.5356829765227236
0,1,0.534009650346985
0,1,0.5340791809450498
0,1,0.533973028191184
0,1,0.5333558666525976
0,1,0.533289760582591
0,1,0.5330618061217973
0,1,0.5333362994005595
0,1,0.5330511752148959
0,1,0.5331557482937075
0,1,0.5328060460811583
0,1,0.5338316416409832
0,1,0.5324528436608824
0,1,0.5331142020995696
0,1,0.5314860658545892
0,1,0.531069777082634
0,1,0.53368042556598
0,1,0.43925207676648687
0,0,0.26342821314783754
0,0,0.1831554332934408
0,0,0.18522159025012816
0,0,0.13313710729614756
0,0,0.11226041801029601
0,0,0.12150722989592193
0,0,0.082677972505231
0,0,0.07723381624671902
0,0,0.07373181108207917
0,0,0.07130184398455827
0,0,0.06972923513444673
0,0,0.07403389859628595
0,0,0.07527628322597163
0,0,0.0757875961024054
0,0,0.07566496899170448
0,0,0.07267653891348926
0,0,0.0724311257946241
0,0,0.0713545680653909
0,0,0.0698178675847678
0,0,0.07322954471390093
0,0,0.07217773102613141
0,0,0.06847030607960515
0,0,0.06694475672222633
0,0,0.06701034925277762
0,0,0.0668420066286886
0,0,0.06737929567767707
0,0,0.06668880612985217
0,0,0.06615895924058905
0,0,0.0658867353656036
0,0,0.06469604879570774
0,0,0.06446961385509191
0,0,0.06395745510551264
0,0,0.06404496068364765
0,0,0.061132141476324627
0,0,0.062318209102971235
0,0,0.067016366859277
0,0,0.06219300041732504
0,0,0.06363883733328263
0,0,0.06153513892047989
0,0,0.06208371069039882
0,0,0.061454396734007974
0,0,0.06141866288959351
0,0,0.06156229298888743
0,0,0.06037121901509249
0,0,0.061948240116729905
0,0,0.0619130235529771
0,0,0.06104999475379502
0,0,0.059408026889270694
0,0,0.06051432132529857
0,0,0.061147966842614386
0,0,0.061131041350554534
0,0,0.061404011360309145
0,0,0.0614628928711922
0,0,0.06139247607358379
0,0,0.06161983162204154
0,0,0.06306827608828641
0,0,0.06234312715459917
0,0,0.06413509628169659
0,0,0.06203903944613116
0,0,0.061811013055640324
0,0,0.06211115638747482
0,0,0.062112110094308136
0,0,0.06205169741922993
0,0,0.062087033704301894
0,0,0.062095390044049355
0,0,0.06195297026166385
0,0,0.062205575911417704
0,0,0.061887310987372726
0,0,0.06186482852063691
0,0,0.06350047513312504
0,0,0.06331149748277631
0,0,0.06330742670001337
0,0,0.06255017028291637
0,0,0.06214811346495393
0,0,0.06175586255401778
0,0,0.06213068100518139
0,0,0.06178011267963575
0,0,0.06133899614526089
0,0,0.06179160791959781
0,0,0.06229402506418932
0,0,0.06152759520910263
0,0,0.06108531981381493
0,0,0.058006117530809594
0,0,0.05832030760947118
0,0,0.058352018136725255
0,0,0.058293823734673955
0,0,0.05817442138365099
0,0,0.05928400165790553
0,0,0.059044455824774036
0,0,0.05822167701511278
0,0,0.05802142024324323
0,0,0.056989986188282195
0,0,0.056768061839175946
0,0,0.05729510477392299
0,0,0.05649334579649892
0,0,0.057343352166648535
0,0,0.05668693195338187
0,0,0.05562487272308057
0,0,0.05518768202235967
0,0,0.05560837051872608
0,0,0.055491148383640145
0,0,0.05576546545365901
0,0,0.05610579915006673
0,0,0.054461813595365755
0,0,0.05420342492986085
0,0,0.054826663277540405
0,0,0.054986915795456434
0,0,0.05449875850184556
0,0,0.05440429911341809
0,0,0.05377035387868919
0,0,0.055407475066571614
0,0,0.05322993265685366
0,0,0.05249338674205388
0,0,0.05367207682324688
0,0,0.05333271912864586
0,0,0.05431720883600922
0,0,0.05465624137770231
0,0,0.05370186336908398
0,0,0.056952999792754595
0,0,0.0529358580903885
0,0,0.05169702763720267
0,0,0.05091957998729738
0,0,0.049870141413245486
0,0,0.049333262034758615
0,0,0.05052566240499193
0,0,0.0507806266250972
0,0,0.04851129937393214
0,0,0.05145798776722853
0,0,0.05209214374231276
0,0,0.047995643302669797
0,0,0.04690751237280025
0,0,0.04711607334464653
0,0,0.05054507169397944
0,0,0.05057171349254957
0,0,0.05031335430697785
0,0,0.04604034522476688
0,0,0.046483498318155465
0,0,0.049508716592077055
0,0,0.04950266456793193
0,0,0.04916307594087383
0,0,0.049715894345218725
0,0,0.04916837655059005
0,0,0.049673608977654826
0,0,0.052083045822516064
0,0,0.05512910671397858
0,0,0.0547606292519606
0,0,0.05626708498479244
0,0,0.07059447381074326
0,0,0.07030592139754369
0,0,0.08711180484721616
0,0,0.09122918038436154
0,0,0.0957012666320374
0,0,0.11167376206770892
0,0,0.09638253367367454
0,0,0.0956202454390901
0,0,0.10390735166388544
0,0,0.10332427689488557
0,0,0.10361168708519423
0,0,0.1052016291637926
0,0,0.11282847987371926
0,0,0.11863518375113195
0,0,0.15199877538051015
0,0,0.1560647862414559
0,0,0.15596192617019078
0,0,0.15839097198867375
0,0,0.17396761177305425
0,0,0.17398131192523347
0,0,0.1772931226517315
0,0,0.18798041396524307
0,0,0.18754998316528732
0,0,0.2043887597591025
0,0,0.21753386842778938
0,0,0.23433652695176968
0,0,0.26589100366586693
0,0,0.2636393373099208
0,0,0.27472411917679457
0,0,0.27568302354569696
0,0,0.2595053874773362
0,0,0.27101847225663644
0,0,0.3085034683668033
0,0,0.3306762524146309
0,0,0.3312115332200216
0,0,0.2862099555236462
0,0,0.3008159515882497
0,0,0.299636359868298
0,0,0.3243087521661488
0,0,0.3420693223952619
0,0,0.33482397922902085
0,0,0.3132252268932163
0,0,0.3078755037083267
0,0,0.2962028995378004
0,0,0.30840486186735494
0,0,0.3244979164066189
0,0,0.3294430070620162
0,1,0.3800735156807427
0,1,0.4250367800121921
0,1,0.608363031896709
0,1,0.730890141468016
0,1,0.7576718478237903
0,1,0.7459266029488745
0,1,0.7560060104066741
0,1,0.7687383843373333
0,1,0.7580208277306677
0,1,0.7407744956395841
0,1,0.7495147822006228
0,1,0.7810432269142701
0,1,0.7681057749281559
0,1,0.7805157911585878
0,1,0.7869021896053766
1,1,0.7832094394123781
1,1,0.7949196521900256
1,1,0.8004538456725039
1,1,0.814296174996569
1,1,0.8331463529309433
1,1,0.8407701055338727
1,1,0.8602866922773138
1,1,0.8697371683476551
1,1,0.8699080372493966
1,1,0.9088056357137058
1,1,0.8679370753079759
1,1,0.8729437040488006
1,1,0.8727551146851765
1,1,0.8768889461714231
1,1,0.8809687372963695
1,1,0.8867056316972735
1,1,0.8822347513342441
1,1,0.9155282400124921
1,1,0.8751426904590937
1,1,0.884505016347676
1,1,0.8749020542262218
1,1,0.873975166869715
1,1,0.892241156510005
1,1,0.888787595969896
1,1,0.8894866794433625
1,1,0.8759657067120801
1,1,0.9092735622643986
1,1,0.9154254289794462
1,1,0.8959907683186721
1,1,0.894486163101807
1,1,0.9024833476656711
1,1,0.9238300259213439
1,1,0.9095992750761157
1,1,0.8947195468243856
1,1,0.8859275363401002
1,1,0.8976782186385847
1,1,0.9117928162039528
1,1,0.917928655903453
1,1,0.9022970559359769
1,1,0.905013201344182
1,1,0.8881331641220441
1,1,0.9138664575566336
1,1,0.8740294203454226
1,1,0.8801243425125337
1,1,0.9072103517065013
1,1,0.8879894736392815
1,1,0.8382755102484112
1,1,0.837641620134524
1,1,0.8396513752492124
1,1,0.8375659665351817
1,1,0.8708860389707092
1,1,0.8722330771559369
1,1,0.8816834071818369
1,1,0.8881530084329731
1,1,0.8605697844717728
1,1,0.8411161456576741
1,1,0.8375487368065031
1,1,0.8138089833066444
1,1,0.7892411528019612
1,1,0.7835643853883503
1,1,0.751767105042423
1,1,0.7304268079322112
1,1,0.7442490217591149
1,1,0.7521222501688554
1,1,0.7453950391771871
1,1,0.7680621220713523
1,1,0.8039649420797141
1,1,0.8083863717763983
1,1,0.8328831743631762
1,1,0.8302728185245565
1,1,0.8366555232374207
1,1,0.8538446846612633
1,1,0.8319444865947269
1,1,0.8313924209319437
1,1,0.7945812723353415
1,1,0.7646966365445202
1,1,0.7389391353228795
1,1,0.3723061994405108
1,0,0.35149687370532007
1,0,0.3446221587270417
1,0,0.2233116725267003
1,0,0.15285282382496648
0,0,0.14148246127569483
0,0,0.13475393147825027
0,0,0.08038334855088604
0,0,0.07039239267501657
0,0,0.06358333181070253
0,0,0.05357001713544046
0,0,0.053526160240438214
0,0,0.0451668626045027
0,0,0.041399200309864895
0,0,0.027211998580474274
0,0,0.014742258658087343
0,0,0.011430275185809687
0,0,0.011435184248008422
0,0,0.009760629660867442
0,0,0.009683411239298475
0,0,0.009682820238271201
0,0,0.011360318470630371
0,0,0.008020536828693524
0,0,0.009643701036515363
0,0,0.006719716467255396
0,0,0.006725402456522407
0,0,0.0067355493489703305
0,0,0.006732756735082481
0,0,0.0034215263016013258
0,0,0.005086231463317979
0,0,0.008416803428600721
0,0,0.006737191595333975
0,0,0.005073821740998746
0,0,0.00673898775227245
0,0,0.008405098915222972
0,0,0.008450669451965329
0,0,0.0067317308458066695
0,0,0.006778083617090724
0,0,0.00343201097294008
0,0,0.0017562745503267973
0,0,0.0034218089061409554
0,0,0.0017835833268046277
0,0,0.00514093390862424
0,0,0.0034503893636966434
0,0,0.0017590687085633004
0,0,0.002079658046261633
0,0,0.0020779117969474464
0,0,0.00235344927561986
0,0,0.0006350982732107343
0,0,0.0001858428414875692
0,0,0.002021800963791961
0,0,0.0020353045139654196
0,0,0.00011119026311215149
0,0,0.001718379487547506
0,0,0.00204009580020965
0,0,0.0021314629437926315
0,0,0.0018467157709740633
0,0,0.0020181424587356923
0,0,0.0020210029586389773
0,0,0.0021814867840381142
0,0,0.0017611830733302223
0,0,0.0018205470837896272
0,0,0.0001283813280757885
0,0,0.0021303749025579346
0,0,0.0018381268159452769
0,0,0.0017273498431666146
0,0,0.002461787377142962
0,0,0.002605806403045487
0,0,0.0026945075824150472
0,0,0.0019863502639819444
0,0,0.0022265493270842737
0,0,0.0024455531157354868
0,0,0.00015935046692376294
0,0,0.00213117220141677
0,0,0.001987641930740081
0,0,0.002961223416539603
0,0,0.000166715910800907
0,0,0.00023521018816502213
0,0,0.0019664600353921165
0,0,0.002200810077109557
0,0,0.0021067121076583065
0,0,5.0930711837935665e-05
0,0,0.0016920886095367846
0,0,0.00035510626650010806
0,0,0.00013394890302530527
0,0,0.0009399297146046737
0,0,8.991217321064474e-05
0,0,0.0008968649185185653
0,0,0.0036522610865517627
0,0,0.0035329637424953595
0,0,0.0033676376293312097
0,0,0.0033633965937790015
0,0,0.003519498783828776
0,0,0.003355460175643371
0,0,0.005074820184972468
0,0,0.003444822377711278
0,0,0.0050537911663696275
0,0,0.0035714314883430057
0,0,0.005075872968903346
0,0,0.005093562052952869
0,0,0.0033589486816788415
0,0,0.005080257480627845
0,0,0.005017464758570788
0,0,0.003364162134190544
0,0,0.0034757991366565545
0,0,0.005057044216985164
0,0,0.003583040427685529
0,0,0.0035211065381902428
0,0,0.005011271397562379
0,0,0.005031515167543616
0,0,0.003405193220159935
0,0,0.0033663034474730466
0,0,0.003348751199199608
0,0,0.0033508459166496636
0,0,0.005017774240404646
0,0,0.005040634304604503
0,0,0.0033734448889466235
0,0,0.0033575927546801005
0,0,0.003386320484693456
0,0,0.006841246578816098
0,0,0.0033596773071440478
0,0,0.0033512627178829326
0,0,0.006719814198796916
0,0,0.0033824049301206245
0,0,0.005156988657536894
0,0,0.0033735368012229525
0,0,0.006761546928941218
0,0,0.005031362998996803
0,0,0.005032170998703205
0,0,0.00693549940429483
0,0,0.006744623172648606
0,0,0.0050947253945504015
0,0,0.005125506963146146
0,0,0.0051417003415876236
0,0,0.006798058293089869
0,0,0.005307597979245747
0,0,0.005102527204527495
0,0,0.0051152379117418755
0,0,0.005417770909828117
0,0,0.005337813737809492
0,0,0.005251869459296104
0,0,0.00839974018891868
0,0,0.006679486009913156
0,0,0.008377894934211889
0,0,0.010340744258331968
0,0,0.008422523754785133
0,0,0.011700282140205054
0,0,0.008528909297715792
0,0,0.01525401257892551
0,0,0.015363218464376919
0,0,0.012074443510616949
0,0,0.02606403084503545
0,0,0.019823117417154014
0,0,0.019808747017698233
0,0,0.022222304075411956
0,0,0.02397546234182204
0,0,0.02579586188628526
0,0,0.038272121050614304
0,0,0.04304766247267523
0,0,0.059001470003949716
0,0,0.06641407919631703
0,0,0.06620615986422411
0,0,0.09205785295643441
0,0,0.12293548568125798
0,0,0.1457261635271889
0,0,0.12794013052945008
0,0,0.13834158223674844
0,0,0.16142351242666442
0,0,0.1570720372610625
0,0,0.16906999301719175
0,0,0.18603238878191608
0,0,0.17470246881731377
0,0,0.19164948149439878
0,0,0.19335786188694482
0,0,0.20213099030002596
0,0,0.24066764954706504
0,0,0.25467298937858723
0,0,0.2844414080225237
0,0,0.3395858673263731
0,0,0.3367498685137098
0,1,0.39495908855555845
0,0,0.3226415101859923
0,0,0.30432058852130184
0,0,0.32269422811354004
0,0,0.35931797983019564
0,0,0.29169435711559655
0,0,0.2963384783460692
0,0,0.3127756105499843
0,1,0.3799731221220452
0,0,0.3104537220733886
0,0,0.32199573007038057
0,0,0.30560336989130177
0,0,0.30406469423951626
0,0,0.3317471191104935
0,1,0.5317061332209397
0,0,0.35339559669686643
0,0,0.36139663739169303
0,1,0.6197461440524945
0,1,0.3961460283258661
0,1,0.4044910329429978
0,1,0.45167594868007066
1,1,0.42842110693242
1,1,0.4269745526402112
1,1,0.3811625524753117
1,1,0.819054247882565
1,1,0.7356272228473866
1,1,0.4071629843921435
1,1,0.4242104107283071
1,1,0.8572878669276434
1,1,0.852408826854019
1,1,0.4526959541892087
1,1,0.46723489627752207
1,1,0.46870550088532287
1,1,0.8967750366640421
1,1,0.8752548336664184
1,1,0.47712026989131806
1,1,0.4511933366967262
1,1,0.48883866039402124
1,1,0.8836594601012964
1,1,0.44651055818490265
1,1,0.48447607101955487
1,1,0.4610725374372392
1,1,0.9004751759216706
1,1,0.876499467808852
1,1,0.8521044272053535
1,1,0.874514155397645
1,1,0.8716106707920975
1,1,0.869499254523272
1,1,0.852934335058637
1,1,0.6082712477191722
1,1,0.8711418100351906
1,1,0.5856007130638148
1,1,0.8685086536870232
1,1,0.872653590663719
1,1,0.8665424337288085
1,1,0.8463372730622608
1,1,0.7120637669142844
1,1,0.8703482326680485
1,1,0.741411501661422
1,1,0.7808775979259133
1,1,0.8898025647761888
1,1,0.8885429810121034
1,1,0.8543917045028484
1,1,0.8905182219149279
1,1,0.8954145382977773
1,1,0.9129121818111781
1,1,0.9116811980988866
1,1,0.9018767798493494
1,1,0.9231932658633654
1,1,0.9234542352824883
1,1,0.8986200090539422
1,1,0.9110905188544692
1,1,0.9350672899289624
1,1,0.9108493932721669
1,1,0.9237997864000188
1,1,0.9237776304035302
1,1,0.925758258550154
0,1,0.9160810919787843
0,1,0.9179786350242938
0,1,0.9152451334095641
1,1,0.9210202268968738
1,1,0.9318174202064058
0,1,0.9303911700598275
0,1,0.9301293010187381
1,1,0.932800485213181
1,1,0.9390589276769842
1,1,0.9441201163226892
1,1,0.9486431083273489
1,1,0.945521566135726
1,1,0.9477433090015991
1,1,0.94703210420481
1,1,0.9343160391855796
0,1,0.9289586452945231
0,1,0.9353631755206425
0,1,0.9332836916914173
0,1,0.9192445146251202
0,1,0.9070273741315998
0,1,0.8957985411604159
0,1,0.9012070592802316
0,1,0.8919256589691317
0,1,0.8891463249705626
0,1,0.8689907651232798
0,1,0.8892004597605057
0,1,0.860117277173985
0,1,0.8638348854418372
0,1,0.8273393137109353
0,1,0.8294108793991579
0,1,0.8105487221954728
0,1,0.7800551314945663
0,1,0.7668510325938577
0,1,0.6540989117233075
0,1,0.55081784197137
0,1,0.4057839475657039
0,0,0.26655279073303323
0,0,0.24086432216229767
0,0,0.14315128904228042
0,0,0.1343096158574004
0,0,0.12848535423939542
0,0,0.10791249394426881
0,0,0.10162144862813498
0,0,0.10375307820258148
0,0,0.09667892799262748
0,0,0.08953591427734038
0,0,0.09107027508966566
0,0,0.08234335632377757
0,0,0.08561003853793037
0,0,0.07716413195592564
0,0,0.07196710014350496
0,0,0.04355183996401561
0,0,0.041779100256235185
0,0,0.04010995341968807
0,0,0.03507827576459911
0,0,0.03339493460928389
0,0,0.02008356184272098
0,0,0.020086831476818084
0,0,0.021750179566154902
0,0,0.018408411092209184
0,0,0.015074785276450255
0,0,0.006322765612163157
0,0,0.004654419986773983
0,0,0.004653822372236453
0,0,0.003372697348100272
0,0,0.003338802590605806
0,0,4.096397559835107e-06
0,0,5.5247168518373065e-06
0,0,5.1500251129232574e-05
0,0,4.448387870467298e-05
0,0,4.70286980753293e-05
0,0,0.0008973407228632396
0,0,0.0017164606422496525
0,0,0.0017216326989037132
0,0,0.0017203544177700882
0,0,0.0016789519650484365
0,0,0.00168190075568547
0,0,0.001695715640696786
0,0,0.001768264489033846
0,0,0.0017512091135661947
0,0,0.0019973319283030848
0,0,0.002413865909970173
0,0,0.0018515163657464072
0,0,0.002007376215717046
0,0,0.0018590372238866373
0,0,0.0017833988853624657
0,0,0.0018824671079949624
0,0,0.0017401877722625135
0,0,0.0017816632851573914
0,0,0.0017735695521557428
0,0,0.001958354622597037
0,0,0.0017103194257282433
0,0,0.0017467020352489467
0,0,0.001910526467171091
0,0,0.0018968111861980027
0,0,0.001958922252031335
0,0,0.0018911211702776756
0,0,0.0018964998186439448
0,0,0.0023444585403860755
0,0,8.908716114573073e-05
0,0,0.001968732968369595
0,0,4.9432783103289724e-05
0,0,0.0023122573825941654
0,0,0.0021301198032487533
0,0,0.002126113236428877
0,0,0.0020729694181331644
0,0,0.00245391055499388
0,0,0.002492075747549276
0,0,0.002194163775077911
0,0,0.0017279352775657329
0,0,0.0017607351821162208
0,0,0.00169377423448456
0,0,0.0017295866700338155
0,0,0.0017210889403601395
0,0,0.001853321400339679
0,0,0.001774119121137457
0,0,0.0017666728861839703
0,0,0.001996965396696937
0,0,0.0019136000593371395
0,0,0.001708110388548676
0,0,0.0017324414532379044
0,0,0.001767071112389988
0,0,0.0016836684856335912
0,0,2.062758139549172e-05
0,0,0.0016908375333804164
0,0,0.0017075592948144313
0,0,8.776299078205569e-05
0,0,4.952533288245349e-05
0,0,7.480990062790325e-06
0,0,2.6311035277131926e-05
0,0,3.189489885780731e-05
0,0,3.305540973920293e-05
0,0,7.127459495109005e-06
0,0,1.1094298148508748e-05
0,0,5.794532066711082e-06
0,0,4.517364991969018e-06
0,0,1.4300792651613205e-05
0,0,2.7197010349097593e-05
0,0,2.697021950688747e-05
0,0,7.839067407901744e-06
0,0,8.776813074971253e-06
0,0,8.770320977220542e-06
0,0,4.979347668744433e-06
0,0,1.2835290802361033e-05
0,0,8.902777932250478e-06
0,0,0.0016726889044325868
0,0,0.0016767848281295937
0,0,7.659401694981471e-06
0,0,4.340329190001662e-06
0,0,2.530726850411724e-05
0,0,7.949592925826499e-06
0,0,2.208272936261977e-06
0,0,0.001682551404972136
0,0,1.6584635426970907e-05
0,0,0.0016712663166846948
0,0,0.0016777541755002047
0,0,0.0016794495680669068
0,0,0.0016721482346372298
0,0,0.0016923401213170587
0,0,0.003336296500957065
0,0,0.003337988521200708
0,0,0.005002527762133938
0,0,0.003341239579901266
0,0,0.005005636277372813
0,0,0.005004231605070734
0,0,0.005017635254464424
0,0,0.005010700564212231
0,0,0.005006035840983414
0,0,0.005007341924432731
0,0,0.005006440268814851
0,0,0.00501090418700727
0,0,0.0050228725409798705
0,0,0.005042128391567853
0,0,0.0050108316291332874
0,0,0.006705463733348507
0,0,0.008367525183645714
0,0,0.008345637007937758
0,0,0.006684275563783736
0,0,0.006726008543537039
0,0,0.006688345472708532
0,0,0.008371812378336764
0,0,0.008365669301193573
0,0,0.01197991535221302
0,0,0.01702225396894648
0,0,0.015361196609793598
0,0,0.012002814318762975
0,0,0.015527654452861365
0,0,0.017103729298407127
0,0,0.015437436455818078
0,0,0.01913328414823
0,0,0.015773377094819893
0,0,0.017728004243868372
0,0,0.024474089582304546
0,0,0.03168613213690248
0,0,0.06936632746222178
0,0,0.07429761280209007
0,0,0.07417448728340195
0,0,0.07860215495578303
0,0,0.08649178640930652
0,0,0.08982907256288547
0,0,0.08869291611576598
0,0,0.10086403618198468
0,0,0.10274650110815128
0,0,0.11571528207361406
0,0,0.10694966320321879
0,0,0.1074768553109961
0,0,0.15019768177183201
0,0,0.16065136457165963
0,0,0.16569180096530164
0,0,0.17390135291111727
0,0,0.2114785045891304
0,0,0.2504839959932496
0,0,0.2505298504673789
0,0,0.2619617727184986
0,0,0.24036037294476897
0,0,0.24866143970453225
0,0,0.2668980992595287
0,0,0.25560781230514457
0,0,0.3437959888463239
0,0,0.3339692962621131
0,0,0.3514019707320555
0,0,0.3200398290189786
0,0,0.34388446296293335
0,1,0.5311629755960139
0,0,0.3469967551246319
0,0,0.3524523840677764
0,1,0.42021880913674886
0,0,0.34408892102121025
0,1,0.3727916331127201
0,1,0.43632963251787904
0,1,0.4571946639583966
0,1,0.8422029066666035
0,1,0.4499298225627176
0,1,0.8232908275844213
0,1,0.46093645206734557
0,1,0.48480129762893637
0,1,0.5768493919999241
0,1,0.5402007220873981
0,1,0.5068086130995165
0,1,0.5518131563949595
0,1,0.5962483631966963
0,1,0.8459715477554494
0,1,0.5982389909172707
0,1,0.7485187600826092
0,1,0.6053718068175145
0,1,0.6273512983943942
0,1,0.6551360925959409
0,1,0.7979372599912384
0,1,0.7899129769892672
0,1,0.6324568162718733
0,1,0.7597434178681114
0,1,0.9056917657318169
0,1,0.7657186105947388
0,1,0.8264970722509757
0,1,0.9152590988888643
0,1,0.9187111611013434
0,1,0.9080598545381974
0,1,0.9022378818720472
0,1,0.8783888629311739
0,1,0.8724497778185514
0,1,0.8932476896042492
0,1,0.8636196950490296
0,1,0.8771947804564728
0,1,0.8781653288600163
0,1,0.8890208831423569
0,1,0.8744652481571423
0,1,0.8881565535404758
0,1,0.8873000463260066
0,1,0.869537996683519
0,1,0.8770253555699821
0,1,0.872385646615416
0,1,0.8905253444045391
0,1,0.8906502239774361
0,1,0.8936314915523766
0,1,0.8940360915637761
0,1,0.8906066554796791
0,1,0.9071724704535034
0,1,0.9059071405237027
0,1,0.9029459751320118
0,1,0.9046334333848455
0,1,0.9038795088959413
0,1,0.8931290253783157
0,1,0.8917996417357686
0,1,0.8875278852227195
0,1,0.8758604950600376
0,1,0.8892007195740577
0,1,0.8901316804144828
0,1,0.884186814640531
0,1,0.8964390749873625
0,1,0.9014944259594817
0,1,0.9145472529569325
0,1,0.9081539623814523
0,1,0.8994477703836253
0,1,0.8871372888678686
0,1,0.8875202088647998
0,1,0.8891068540574978
0,1,0.9147855109214791
0,1,0.9181542222496528
0,1,0.9113498866013091
0,1,0.9113618126726213
0,1,0.9077886485766307
0,1,0.8770533112439297
0,1,0.8708710933160788
0,1,0.8625475139107445
0,1,0.8401591919618168
0,1,0.8178350828942405
0,1,0.8009686416686534
0,1,0.785083719828526
0,1,0.7624698863697051
0,1,0.7430988811249088
0,1,0.7543202120181899
0,1,0.7569748809417796
0,1,0.7547046044136188
0,1,0.7590700164295656
0,1,0.7319230668026677
0,1,0.7320310538306453
0,1,0.7012066864431661
0,1,0.6819284750686874
0,1,0.653508480581247
0,1,0.6233599109549276
0,1,0.5945624530244707
0,1,0.5478895976901419
0,0,0.3589178725374639
0,0,0.36083850654182903
0,0,0.3284821215882259
0,0,0.27467818943542616
0,0,0.13771074819947596
0,0,0.10468959527375092
0,0,0.0976412703724507
0,0,0.08798274502650404
0,0,0.08130102257498618
0,0,0.07357588187590516
0,0,0.06250445492034955
0,0,0.04364893433463493
0,0,0.028639372763210453
0,0,0.0158638522005804
0,0,0.01346245847770098
0,0,0.0118308811848467
0,0,0.013269937433210647
0,0,0.00984023407199867
0,0,0.009768597504785577
0,0,0.009774587876037329
0,0,0.009709388244538798
0,0,0.008035064658718723
0,0,0.006780036952381473
0,0,0.0034240535957592143
0,0,0.0034227592573320663
0,0,0.003480895441047258
0,0,0.003465663408006331
0,0,0.0034768177075846377
0,0,0.005121030722354672
0,0,0.005116580742409371
0,0,0.00683466337111297
0,0,0.003491327887209154
0,0,0.003492622175843395
0,0,0.003518757893421123
0,0,0.0051670557213061895
0,0,0.005220095752978869
0,0,0.005216756054774542
0,0,0.005258845980229585
0,0,0.005229223116497153
0,0,0.005225555172704798
0,0,0.0017873847039318654
0,0,0.0018096008224573988
0,0,0.00012289204602439034
0,0,0.00015208852041447243
0,0,0.0004066873537283012
0,0,0.00040165849326144134
0,0,0.0005819704583071408
0,0,0.00038175803949842244
0,0,0.0004252899415598868
0,0,0.00019289284767497737
0,0,0.00025896979677601166
0,0,0.00024555031291763834
0,0,0.00033557370183303346
0,0,0.00013538187283009564
0,0,0.00010766111995343946
0,0,3.984762272143162e-05
0,0,0.002203540809286398
0,0,0.0019430313154851575
0,0,0.002610531554169602
0,0,0.0018199475353292587
0,0,0.0018480031856954813
0,0,0.0018959917289272845
0,0,0.0017491367769649608
0,0,0.0017723581348258362
0,0,0.0017007253949281181
0,0,0.0017074669844223689
0,0,0.0018457342502033228
0,0,0.0017171465747992882
0,0,0.0021906741720165586
0,0,0.0017235041614890101
0,0,0.002630873463520183
0,0,0.0018787867379282794
0,0,0.0017250839650769
0,0,0.00229542411216009
0,0,0.0019038816586228863
0,0,0.0019775534480226805
0,0,0.0017145234375094082
0,0,0.0016956633183201591
0,0,0.0017321227353429617
0,0,0.001677849135789348
0,0,0.001697248992262087
0,0,0.0017417318333609114
0,0,0.0018572109554621887
0,0,6.069408565099692e-05
0,0,2.7572275719577425e-05
0,0,1.1474342257837291e-05
0,0,6.933851979606811e-06
0,0,1.4760305360292066e-05
0,0,1.4058204965320098e-05
0,0,1.114844376200728e-05
0,0,2.816358134884362e-05
0,0,1.0614264894379342e-05
0,0,1.2844870732626551e-05
0,0,2.691209401321864e-05
0,0,3.9718856008497e-05
0,0,6.099538518432985e-06
0,0,1.102333484986733e-05
0,0,1.2102396787826302e-05
0,0,0.00333620818066301
0,0,0.0033368928330251616
0,0,0.005002484304000024
0,0,0.003337430401629743
0,0,0.0033370382953542715
0,0,0.0050026765694165575
0,0,0.0033356594694032536
0,0,0.003336635109381034
0,0,0.0033365134153710736
0,0,0.005001818384039316
0,0,0.005002575043696805
0,0,0.00500203279036648
0,0,0.005001820483581522
0,0,0.005001995574993842
0,0,0.00333519937473794
0,0,0.0033345950631895943
0,0,0.0033345168999231
0,0,0.0016691656087858677
0,0,0.003351986787586645
0,0,0.0016774190528782008
0,0,0.0016771978288101694
0,0,0.0016754215916569665
0,0,0.0033389939018639847
0,0,0.003337214000307197
0,0,0.005005666504616361
0,0,0.006672540832083354
0,0,0.0050094178610685155
0,0,0.006675139197052865
0,0,0.006705775421602932
0,0,0.006687928656287946
0,0,0.00838562066250569
0,0,0.0083617361210959
0,0,0.008558969128219174
0,0,0.008406449196517276
0,0,0.008416144234454253
0,0,0.010334737148133008
0,0,0.008491999201775758
0,0,0.008656506188216579
0,0,0.010134594402886188
0,0,0.008480825316660967
0,0,0.010081139980599365
0,0,0.015064709525375196
0,0,0.011704812448357554
0,0,0.013359144876747395
0,0,0.013473920088533261
0,0,0.010192112312136443
0,0,0.010161979607070803
0,0,0.010227687704290125
0,0,0.01021904306433083
0,0,0.010276064368584897
0,0,0.01675053695523962
0,0,0.016880830362842422
0,0,0.018601425452228242
0,0,0.01776585637491368
0,0,0.018126055055417055
0,0,0.019788296983463183
0,0,0.018934323986270894
0,0,0.03044607226890512
0,0,0.02628564010787052
0,0,0.0392062338225204
0,0,0.04649485673273028
0,0,0.0522934969779492
0,0,0.10570207160189227
0,0,0.11073097298619722
0,0,0.12064859353360168
0,0,0.11914575531266232
0,0,0.13955921700782659
0,0,0.14441756331438776
0,0,0.15800325880882363
0,0,0.18556348528982777
0,0,0.19745572548808854
0,0,0.20053712279046837
0,0,0.2113988459292571
0,0,0.19582436804930017
0,0,0.2537942906185723
0,0,0.26483901104141144
0,0,0.25468107747902174
0,0,0.28766798759187434
0,0,0.28517822135245724
0,0,0.2685022348606976
0,0,0.2888488147741102
0,0,0.28194455065158713
0,0,0.2734810971002455
0,0,0.2694344209584268
0,0,0.2972504511770232
0,0,0.26777200824498704
0,0,0.3409401719168592
0,1,0.38687701976775385
0,1,0.3764248146465199
0,0,0.3587916643847866
0,0,0.28132044004000933
0,0,0.3262566113931418
0,0,0.32685883711146363
0,0,0.32862158481526765
0,0,0.3184742816420885
0,1,0.45698567112617566
0,1,0.47543566618208566
0,1,0.5833235373004183
0,1,0.6954642355605911
0,1,0.7546694292891742
0,1,0.6121755793284591
0,1,0.7757002795899197
0,1,0.6071922875698362
0,1,0.7319078757103031
0,1,0.5109834318969182
0,1,0.8125843817959223
0,1,0.8055830146545253
0,1,0.7386537709607078
0,1,0.8144970057286298
0,1,0.7790092576075341
0,1,0.8249671672330826
0,1,0.8196996179496622
0,1,0.8186489317573997
0,1,0.8154363204804886
0,1,0.8179459368446104
0,1,0.8187969373253647
0,1,0.8051475552786695
0,1,0.8160884150759891
0,1,0.8142300901609538
0,1,0.8126192715158218
0,1,0.8143884965968601
0,1,0.8138100541556764
0,1,0.8223353477955784
0,1,0.82176558597573
0,1,0.8226948889633544
0,1,0.821090794979826
0,1,0.8180028713500337
0,1,0.8287852540886493
0,1,0.8372813834689994
0,1,0.828388018574388
0,1,0.8397823153337265
0,1,0.8311668066335625
0,1,0.8170431252668804
0,1,0.817043295534013
0,1,0.8131536738623508
0,1,0.8170613161166685
0,1,0.8104662141211328
0,1,0.8154661154524379
0,1,0.8137992385068652
0,1,0.812132185975843
0,1,0.8152512733408535
0,1,0.8152512783428951
0,1,0.819164659419853
0,1,0.8145749036271702
0,1,0.7924665220793359
0,1,0.7920195828212953
0,1,0.797313160953708
0,1,0.8000864000898668
0,1,0.8044545842431761
0,1,0.8140944705674087
0,1,0.8311820721482599
0,1,0.8270720122695807
0,1,0.826821479787814
0,1,0.8208777056242018
0,1,0.8170786893703186
0,1,0.8201663898114262
0,1,0.8279196521074511
0,1,0.8254422134909751
0,1,0.8151414792548959
0,1,0.8190645309698218
0,1,0.825004632105315
0,1,0.8205510972661084
0,1,0.8098379939920507
0,1,0.8109767064426564
0,1,0.8092714790402846
0,1,0.8185924371862847
0,1,0.8227446552286921
0,1,0.8259900743791884
0,1,0.8189175803932613
0,1,0.8171538248304617
0,1,0.8046158487736343
0,1,0.802190765617144
0,1,0.7644773025363873
0,1,0.7569874684954361
0,1,0.7477517743398597
0,1,0.7472792000593157
0,1,0.7188280888859426
0,1,0.7207828953046547
0,1,0.7182884442831194
0,1,0.7141975321623724
0,1,0.7075216229152541
0,1,0.7012604110928277
0,1,0.6676604711527234
0,1,0.6623900110429342
0,1,0.6471869092352269
0,1,0.6297351811420262
0,1,0.6106482960880478
0,1,0.5017071027871609
0,0,0.3662841430793064
0,0,0.30738793547242177
0,0,0.28883804340281577
0,0,0.28496666706791435
0,0,0.265113273671836
0,0,0.25247161971400245
0,0,0.15205974905795624
0,0,0.14806890115684637
0,0,0.14057967702421237
0,0,0.1352056437225406
0,0,0.13586537889207254
0,0,0.11835771822815587
0,0,0.10730783215542253
0,0,0.0832744868719374
0,0,0.08528915722699391
0,0,0.06606684012631456
0,0,0.06772240954013052
0,0,0.0672175961445089
0,0,0.050101865162959135
0,0,0.05184504920984096
0,0,0.05203071087738278
0,0,0.0517722590656617
0,0,0.05369210271895751
0,0,0.04704670598424245
0,0,0.04648936430624093
0,0,0.04503470770098523
0,0,0.04196060671350553
0,0,0.03666469860998677
0,0,0.025750882543687428
0,0,0.02561519993902997
0,0,0.025019153843506652
0,0,0.022835468537353958
0,0,0.02288807002630952
0,0,0.022810635364158404
0,0,0.021148015498414784
0,0,0.024625164773444494
0,0,0.02465735839327383
0,0,0.024783074481335862
0,0,0.022933904953323897
0,0,0.023021881913056427
0,0,0.021449211016302004
0,0,0.021741373386071374
0,0,0.021084324338958647
0,0,0.021175917346087286
0,0,0.021657155597715153
0,0,0.021388106386214044
0,0,0.021035522655373482
0,0,0.017652962630715755
0,0,0.015487233259998935
0,0,0.015602878411103912
0,0,0.02065860260638385
0,0,0.019066517153568663
0,0,0.017949439148227712
0,0,0.0206682041382389
0,0,0.020570018506418913
0,0,0.018938135675200817
0,0,0.01873373202129716
0,0,0.020626584654928344
0,0,0.023271784162999746
0,0,0.02450996345139055
0,0,0.023105754001351116
0,0,0.022575719583480012
0,0,0.022437048825508184
0,0,0.0200553128948034
0,0,0.025069989492982926
0,0,0.01891628302244614
0,0,0.019967445442810334
0,0,0.020380129359319123
0,0,0.020247421350729967
0,0,0.02019407709386588
0,0,0.02063804253181211
0,0,0.01993157642970428
0,0,0.02187943964318122
0,0,0.020190234207683035
0,0,0.0336014536914162
0,0,0.02178115562430344
0,0,0.02227440919984864
0,0,0.02117865413923205
0,0,0.017806228228755053
0,0,0.017161853055071185
0,0,0.018547636997574838
0,0,0.017185134570758792
0,0,0.018981724105719334
0,0,0.019190649902917575
0,0,0.020780326334447208
0,0,0.020738589380684323
0,0,0.019283651114686405
0,0,0.017493308467454814
0,0,0.019696011080822872
0,0,0.023576138765992558
0,0,0.026013063978650303
0,0,0.019739652444644828
0,0,0.020669134077493493
0,0,0.018848331317803974
0,0,0.015842289303617366
0,0,0.015550910868986596
0,0,0.011978063103413551
0,0,0.012069285425748907
0,0,0.01446803983241222
0,0,0.01832309534013089
0,0,0.017112809758145935
0,0,0.012738009651896611
0,0,0.01768764441910347
0,0,0.01902697776074955
0,0,0.017022513744356774
0,0,0.01691048549980011
0,0,0.011914717643653148
0,0,0.018801947024877204
0,0,0.01893720986870137
0,0,0.019046305639363503
0,0,0.010403511087876963
0,0,0.010331823836921461
0,0,0.011942762005506055
0,0,0.012031858569569474
0,0,0.011937647938348525
0,0,0.011991159461923712
0,0,0.013974522315540652
0,0,0.015702722611102244
0,0,0.01601196909188412
0,0,0.018992193116495158
0,0,0.01799319793740472
0,0,0.015367139840425747
0,0,0.016078488163162243
0,0,0.014153752347634179
0,0,0.01656141121533499
0,0,0.016018121567375063
0,0,0.018044008476515983
0,0,0.016845844480133952
0,0,0.021773220474549188
0,0,0.022285074556466087
0,0,0.022992209086137114
0,0,0.018511017288793296
0,0,0.018115186520388873
0,0,0.016450777440621008
0,0,0.025935804568892794
0,0,0.020975084477602976
0,0,0.020991869134465276
0,0,0.020785643090412247
0,0,0.024256283029524386
0,0,0.019495874711051818
0,0,0.01692631941451172
0,0,0.02247255797347515
0,0,0.022213164865929346
0,0,0.022902446480406947
0,0,0.026410135916177198
0,0,0.029712892079874542
0,0,0.029826339876906704
0,0,0.029846963864080214
0,0,0.02473803659393925
0,0,0.0295527586613291
0,0,0.034728166430149844
0,0,0.033442875504007166
0,0,0.045683912863529935
0,0,0.038506960061036884
0,0,0.038443724353945025
0,0,0.040164131428659336
0,0,0.038544827154885795
0,0,0.048584222502160546
0,0,0.05600151967725549
0,0,0.060958822250924236
0,0,0.053189511482668275
0,0,0.058123546852313315
0,0,0.09481200373474458
0,0,0.10409612913034015
0,0,0.11506514549528461
0,0,0.11974489634309486
0,0,0.12471575210840748
0,0,0.1229869997700281
0,0,0.11942483277622407
0,0,0.13924271286403164
0,0,0.1351150685522638
0,0,0.1518904929120238
0,0,0.16834734761528844
0,0,0.18188275997407916
0,0,0.21152921002226088
0,0,0.23189362490960821
0,0,0.23047002321762888
0,0,0.21225878753966124
0,0,0.21493768363851987
0,0,0.22860056455580388
0,0,0.228769086205208
0,0,0.23521111952314736
0,0,0.2390082150560691
0,0,0.24500545107139976
0,0,0.2466192188592157
0,0,0.24351447430496648
0,0,0.2593353994990021
0,0,0.2607378222040836
0,0,0.27550518113574357
0,0,0.274407232402447
0,0,0.27698676909684045
0,0,0.2842291986153683
0,0,0.28426942897272167
0,0,0.273138373174889
0,0,0.2897774870306769
0,0,0.2950212116799553
0,0,0.3010189252173848
0,0,0.29578309059928015
0,0,0.33924635357009675
0,0,0.3241365941809471
0,0,0.3297076395545085
0,0,0.3140498773110523
0,0,0.3267421977669501
0,0,0.30759088122549644
0,0,0.3175405527066653
0,0,0.3248544545059964
0,0,0.33465785154263933
0,0,0.34123939249268115
0,0,0.3314514999787089
0,0,0.32672291453645075
0,0,0.33151405285762914
0,0,0.3229242414191717
0,0,0.32426351845261026
0,0,0.32384975715619696
0,0,0.33183991466745977
0,0,0.3344142459314746
0,0,0.330485962789441
0,0,0.31819786983592957
0,0,0.31615303296520736
0,0,0.32746958723878716
0,0,0.33425908460285675
0,0,0.33655228438431684
0,0,0.3384701907914395
0,0,0.3499830956348957
0,0,0.32642643551243467
0,0,0.34007005219391395
0,0,0.31542937584909886
0,0,0.3001282829274313
0,0,0.27675177007596174
0,0,0.2708504111458828
0,0,0.3209389840879598
0,0,0.34217804473372343
0,0,0.3426206014902278
0,0,0.3420560072013061
0,0,0.34184701246360155
0,0,0.3288202136713999
0,0,0.29046685155764335
0,0,0.27214339968588086
0,0,0.2728639120908686
0,0,0.3324461969642917
0,0,0.3541049083562504
0,0,0.3373213998684985
0,0,0.3487485076960198
0,0,0.32726210124358424
0,0,0.33565804081237044
0,0,0.327678903592139
0,0,0.32209216965596543
0,0,0.331375881820065
0,0,0.33956595384897403
0,0,0.334515961720322
0,0,0.3434506385531893
0,0,0.3469226114956153
0,0,0.34908345639100746
0,0,0.35017197886853213
0,0,0.35997391043828697
0,0,0.35657103482672386
0,0,0.36286349456705347
0,0,0.36104434900576654
0,0,0.34456807173167875
0,0,0.34735623598981497
0,0,0.3494378929305788
0,0,0.33669885929591353
0,0,0.3374067705042733
0,0,0.33718148591457375
0,0,0.3339025255596199
0,0,0.3415524491347105
0,0,0.34510255359243097
0,0,0.3487785619106277
0,0,0.34589174388869737
0,0,0.3482607339747496
0,0,0.3324906583949794
0,0,0.3339255669000537
0,0,0.3073901295451661
0,0,0.30374990003793345
0,0,0.29869509330962174
0,0,0.29528255472827863
0,0,0.29482294306284024
0,0,0.2715352492713162
0,0,0.2693541392851887
0,0,0.2738261223895194
0,0,0.2735987770602786
0,0,0.2749340772651123
0,0,0.2660369749299
0,0,0.2676428224174865
0,0,0.26275468212035896
0,0,0.2675385874460326
0,0,0.2605226319110197
0,0,0.24852079665481558
0,0,0.24572269962724055
0,0,0.2354409664251889
0,0,0.2369412431723485
0,0,0.2299337379303178
0,0,0.22229628320441364
0,0,0.21499631621596102
0,0,0.12204408358244925
0,0,0.10352967883252273
0,0,0.10169798468635223
0,0,0.10184609111850895
0,0,0.09851503945999936
0,0,0.08491224997986715
0,0,0.0765389560709951
0,0,0.06482912729039869
0,0,0.03979065832415488
0,0,0.03810215743272447
0,0,0.02974376116550552
0,0,0.024731905942463446
0,0,0.018365311424941536
0,0,0.020036081032182605
0,0,0.02295587013942881
0,0,0.022977179237660163
0,0,0.020059589428340192
0,0,0.018371116516314713
0,0,0.021721950333770144
0,0,0.01669920113991113
0,0,0.016716206238112558
0,0,0.016661157302214243
0,0,0.019992815399992085
0,0,0.019983999429672963
0,0,0.022116210150622106
0,0,0.02213255323717834
0,0,0.020468348179829482
0,0,0.018768158875507816
0,0,0.020437698158410685
0,0,0.015497950042686327
0,0,0.015499093524069274
0,0,0.015579408306591698
0,0,0.018883698167277058
0,0,0.017301082785296247
0,0,0.015539291262150347
0,0,0.016110260129542572
0,0,0.013826095138218992
0,0,0.013891236379527168
0,0,0.015638940582784137
0,0,0.01723937745445148
0,0,0.01225879461140706
0,0,0.012246509474487731
0,0,0.012235206889588016
0,0,0.017464291955184768
0,0,0.015481112899884483
0,0,0.017069635744238823
0,0,0.01859631218479905
0,0,0.016926600290238333
0,0,0.016682092453456306
0,0,0.01850034431768624
0,0,0.016730534881450126
0,0,0.018337103941766613
0,0,0.016690835048774402
0,0,0.016674534551527696
0,0,0.01499889613247097
0,0,0.01499705833420751
0,0,0.016768070863657787
0,0,0.018329272547636662
0,0,0.018334668602243247
0,0,0.016668695827204327
0,0,0.016668567038871072
0,0,0.01500607174956133
0,0,0.016769810552360077
0,0,0.015234156069995976
0,0,0.015095571916866569
0,0,0.015108927526019594
0,0,0.015195243096244426
0,0,0.01684869250532873
0,0,0.017399795581862137
0,0,0.016959217858959687
0,0,0.016762110697828465
0,0,0.017240435356136282
0,0,0.01846367964505742
0,0,0.016763820107284503
0,0,0.017573654840891205
0,0,0.017709117604849625
0,0,0.01679621334780865
0,0,0.015126183103809974
0,0,0.015104032971726428
0,0,0.015148515732935748
0,0,0.017047161299637736
0,0,0.01715288026256728
0,0,0.013601616976486453
0,0,0.015632985296120262
0,0,0.010117377587285252
0,0,0.013409148103945383
0,0,0.011766730592595935
0,0,0.01715646299973735
0,0,0.015794928152284855
0,0,0.015675234778580287
0,0,0.013537377170793953
0,0,0.012027258483940121
0,0,0.01174878628753226
0,0,0.011752003895032413
0,0,0.011753952632427091
0,0,0.01177766339804177
0,0,0.011902123650590388
0,0,0.010126537577514192
0,0,0.011767925467736785
0,0,0.011733929878591431
0,0,0.013386228040914008
0,0,0.00839208144080208
0,0,0.011729372565267715
0,0,0.011912414994300858
0,0,0.011977117585490181
0,0,0.013548478847550309
0,0,0.011754333951572776
0,0,0.013510678574267602
0,0,0.011776005779876699
0,0,0.015353298717576094
0,0,0.013426376445302179
0,0,0.01173147561527718
0,0,0.013390933690099286
0,0,0.013387603010158376
0,0,0.01171657454300406
0,0,0.013418997810723155
0,0,0.013485083795667886
0,0,0.011835423373631236
0,0,0.010106958713572669
0,0,0.0067283059384728216
0,0,0.0067166792646160675
0,0,0.006718903032966551
0,0,0.0067235530715231105
0,0,0.006728502337831429
0,0,0.0067299486825025305
0,0,0.010065653590625449
0,0,0.008399513266684951
0,0,0.008389449937343352
0,0,0.010068528552005348
0,0,0.010051963323316985
0,0,0.01005780245568157
0,0,0.011734347420481274
0,0,0.010076960131426447
0,0,0.008401166123892734
0,0,0.0070032135282797605
0,0,0.00895567420277091
0,0,0.010056011257626311
0,0,0.011725976287638126
0,0,0.010094506466540991
0,0,0.011749812936004666
0,0,0.01360566621813019
0,0,0.013671838558792929
0,0,0.013445965827458497
0,0,0.02249480532064975
0,0,0.035771067559546094
0,0,0.037529116024271024
0,0,0.03744602324648724
0,0,0.040795717878503765
0,0,0.04160733482073033
0,0,0.03850372918390766
0,0,0.03528571617566295
0,0,0.045281145585051835
0,0,0.05648608309213425
0,0,0.05641108355843562
0,0,0.0496265948429551
0,0,0.05876380484124346
0,0,0.10300929029478678
0,0,0.1161646008469879
0,0,0.12583300581826765
0,0,0.11692030670502099
0,0,0.11697340593457013
0,0,0.12380166054465246
0,0,0.1268115001271984
0,0,0.15269891183209344
0,0,0.17147287893708874
0,0,0.1752630248749262
0,0,0.19875222278247523
0,0,0.22222664635848527
0,0,0.2148873717390718
0,0,0.23375805919840062
0,0,0.2583367128229576
0,0,0.238124255662514
0,0,0.22171742752428142
0,0,0.2249819979883052
0,0,0.22399688868190779
0,0,0.25202810064001674
0,0,0.28265444858608946
0,0,0.26281789127883676
0,0,0.25838555556603776
0,0,0.26099926504033577
0,0,0.2606962228938107
0,0,0.2639980826926021
0,0,0.2781951932046503
0,0,0.2722156890757822
0,0,0.2737234130813667
0,0,0.2619324351435515
0,0,0.2641862648053987
0,0,0.2564117142969929
0,0,0.25929235641800485
0,0,0.2620470209078983
0,0,0.25437421740170546
0,0,0.2594186228359594
0,0,0.28745186361189523
0,0,0.2962017003820222
0,0,0.30893639652406996
0,0,0.3125723662440595
0,0,0.30330481220644034
0,0,0.308631446564796
0,0,0.3265703305953667
0,0,0.3284007164511358
0,0,0.34731939200052964
0,0,0.33465407564224264
0,0,0.3324741248019308
0,0,0.3329726454379081
0,0,0.33865737790051526
0,0,0.3384556466408501
0,0,0.3468429537120165
0,0,0.3464216714881598
0,0,0.34134042732004444
0,0,0.3319835070446567
0,0,0.33216297714822374
0,0,0.33272395436041463
0,0,0.3356883849969651
0,0,0.33931623673871397
0,0,0.36475278348949
0,0,0.34266698679484997
0,0,0.3500779906086525
0,0,0.3604199197532791
0,0,0.3255913506821737
0,0,0.3194986248133981
0,0,0.333578932852007
0,0,0.3312401859122596
0,0,0.3300875765162036
0,0,0.33021273880093316
0,0,0.3501360341881609
0,0,0.3386201589723052
0,0,0.33813818137449914
0,0,0.34138923407335797
0,0,0.333997505449573
0,0,0.35007711810321496
0,0,0.3377759442170349
0,0,0.32920668089826877
0,0,0.30612016379422374
0,0,0.31782370434206336
0,0,0.3350102965705722
0,0,0.3444307640841959
0,0,0.3488276911509911
0,0,0.32992114155260865
0,0,0.33580938938905364
0,0,0.3368865069203497
0,0,0.33161594003922334
0,0,0.31768181121198275
0,0,0.32636943626961673
0,0,0.326202000655639
0,0,0.3231137817190319
0,0,0.3187726468348839
0,0,0.3214679663282228
0,0,0.333491297048815
0,0,0.3413490583333505
0,0,0.3418238151164477
0,0,0.3395704366301845
0,0,0.3423075366306477
0,0,0.29479266331688575
0,0,0.26568798559194096
0,0,0.2720027916236172
0,0,0.25860592993937426
0,0,0.265370327006341
0,0,0.28659289941151167
0,0,0.3007470622197538
0,0,0.29543765179718934
0,0,0.28996596319400286
0,0,0.26312240309334045
0,0,0.3184182582115006
0,0,0.32941021329942966
0,0,0.3292171322987606
0,0,0.32137769633259283
0,0,0.28931805798505433
0,0,0.29338670982992465
0,0,0.27447756362475206
0,0,0.2695863469384876
0,0,0.26306343076674593
0,0,0.26119429901736047
0,0,0.25738234312287916
0,0,0.25893777401843837
0,0,0.2656253318604133
0,0,0.2644547350195129
0,0,0.25200128134996225
0,0,0.24861956925665615
0,0,0.22300590406464293
0,0,0.20293026692914953
0,0,0.20571341217200384
0,0,0.20662475113202425
0,0,0.20570119443659113
0,0,0.20442443176355451
0,0,0.1961351925869852
0,0,0.2008508547743791
0,0,0.18745929502490394
0,0,0.17330998798653258
0,0,0.09035818548281686
0,0,0.06835547137906195
0,0,0.048259232292286326
0,0,0.04494679856088468
0,0,0.03980141154035815
0,0,0.039785392678508766
0,0,0.02473988482122045
0,0,0.026377487701784875
0,0,0.02509618129652114
0,0,0.02507715127156056
0,0,0.02507339806701891
0,0,0.025063686690647756
0,0,0.019988921516800765
0,0,0.018309527906834003
0,0,0.01830554446635518
0,0,0.018306165707939668
0,0,0.019984586599335948
0,0,0.01997415918478561
0,0,0.021647540216834082
0,0,0.023303684352677247
0,0,0.02157793380121099
0,0,0.020022104294996224
0,0,0.016716922194574536
0,0,0.015023352860326158
0,0,0.013396619137547921
0,0,0.013369815427063714
0,0,0.01176683440355223
0,0,0.013412532725282818
0,0,0.013398944198943266
0,0,0.010071187174985763
0,0,0.010081030373431018
0,0,0.010104200032814712
0,0,0.011813705632493973
0,0,0.013562651542149189
0,0,0.013453416233944254
0,0,0.011698193083635563
0,0,0.011901899871646924
0,0,0.011805675317667194
0,0,0.015413610902388814
0,0,0.011716936493835541
0,0,0.011873482814201114
0,0,0.008483325870594935
0,0,0.006822829616171735
0,0,0.007342067462706168
0,0,0.011063894555228082
0,0,0.012589462916374297
0,0,0.01217042878593318
0,0,0.010269413455768104
0,0,0.013925777371486953
0,0,0.0125891491824755
0,0,0.011863063669654794
0,0,0.011885777343069802
0,0,0.010176533753345174
0,0,0.010175213241213768
0,0,0.01020473752647543
0,0,0.010234749536281071
0,0,0.010302798888497557
0,0,0.011876079059661267
0,0,0.01264041063636285
0,0,0.012540608397346446
0,0,0.01221282443561534
0,0,0.013618657721902724
0,0,0.010947042852176521
0,0,0.01238355429187472
0,0,0.011994531478636272
0,0,0.011960944489171671
0,0,0.011776471790438153
0,0,0.012010434076078933
0,0,0.012625561485824255
0,0,0.012077051840346567
0,0,0.016340001614658404
0,0,0.016401332144031854
0,0,0.012205451313651123
0,0,0.011365231598540883
0,0,0.017407933113267653
0,0,0.018964268215369295
0,0,0.019718034559904223
0,0,0.020011091242725945
0,0,0.01384439238570394
0,0,0.012708440967663926
0,0,0.013782375503989221
0,0,0.013502076060592148
0,0,0.013513511023749985
0,0,0.013858935085748434
0,0,0.013355191334506019
0,0,0.012798900805061445
0,0,0.013498661691561461
0,0,0.013519699265512589
0,0,0.013492925075814791
0,0,0.01348024722711285
0,0,0.01345792543216378
0,0,0.013593931577667636
0,0,0.015170802473551667
0,0,0.011784576249985777
0,0,0.013584846093658825
0,0,0.011845348526080893
0,0,0.016944582121973997
0,0,0.012042479403531122
0,0,0.016919661487624128
0,0,0.012100488737508231
0,0,0.012062326313248882
0,0,0.013609055721270214
0,0,0.01178387576794121
0,0,0.016748721627975385
0,0,0.016756737998096665
0,0,0.015331061027404126
0,0,0.01542915040039207
0,0,0.013557793865413097
0,0,0.018468918896386168
0,0,0.01675612800454678
0,0,0.01679869359373107
0,0,0.01679015569020104
0,0,0.018468043930405742
0,0,0.018468308587926512
0,0,0.018492997096100278
0,0,0.016849685076914565
0,0,0.018462910192653913
0,0,0.016926578487235118
0,0,0.013986052388424135
0,0,0.012352445684470671
0,0,0.010279480729320898
0,0,0.010338273894556906
0,0,0.013406058649770257
0,0,0.01339795197519562
0,0,0.013391244839504235
0,0,0.013391886624751168
0,0,0.015111887603718356
0,0,0.013458883415661366
0,0,0.013468584359542402
0,0,0.011732803896464234
0,0,0.01015773955826238
0,0,0.0101445688515661
0,0,0.010238272425977246
0,0,0.010566381274386005
0,0,0.012264575724938682
0,0,0.012011685598342843
0,0,0.01581363872232609
0,0,0.017399888269533016
0,0,0.013490414093481489
0,0,0.01741863573380314
0,0,0.01768736057793879
0,0,0.011886919958385218
0,0,0.013512836795772391
0,0,0.022244877134132836
0,0,0.030584907906834425
0,0,0.04395499007056219
0,0,0.04293534785261296
0,0,0.04964213327268376
0,0,0.058063849527982686
0,0,0.05803245707129249
0,0,0.06862528259985459
0,0,0.07351402105781317
0,0,0.08186573707868199
0,0,0.09157438734203784
0,0,0.0983478149929337
0,0,0.1071703659972348
0,0,0.14363850680718285
0,0,0.15701791696046435
0,0,0.15637655355374086
0,0,0.1548312743282481
0,0,0.1603452447183364
0,0,0.1631381837805365
0,0,0.1618597522788456
0,0,0.159642087871188
0,0,0.185856318267083
0,0,0.1802642928859557
0,0,0.19643379917885437
0,0,0.19873770685949357
0,0,0.22810528194661914
0,0,0.20880003368098599
0,0,0.25381853530774184
0,0,0.2239817760913126
0,0,0.2485036605107858
0,0,0.2498062267905271
0,0,0.2560247981300491
0,0,0.26679956996201654
0,0,0.27959681591677676
0,0,0.2786028805995758
0,0,0.2796056510193946
0,0,0.2820983518589193
0,0,0.3136755616514959
0,0,0.31967915060453217
0,0,0.32605182522210197
0,0,0.32449703734908697
0,0,0.32057304720544827
0,0,0.3219132301392616
0,0,0.3239969497476726
0,0,0.3239486614507284
0,0,0.3252976184663733
0,0,0.3209602661551257
0,0,0.334519601717637
0,0,0.32888964943516
0,0,0.3417292033844966
0,0,0.34235399576178094
0,0,0.3649005855185717
0,0,0.36561772541608695
0,0,0.36867168509087817
0,1,0.37116527320399056
0,0,0.3665843344818648
0,0,0.36220949720795836
0,0,0.36927446891354515
0,0,0.3684283477826828
0,0,0.35758211601872286
0,0,0.34927004275073187
0,1,0.3818425089534438
0,0,0.3509335343675611
0,0,0.3516072171077733
0,1,0.37088830981805737
0,0,0.35447918785177446
1,0,0.3643398844279249
1,1,0.41586133830521277
1,0,0.3593610232438234
1,0,0.3540531402590688
1,1,0.4019039303867918
1,1,0.40434838530573114
1,0,0.35896141366998896
1,1,0.37184046543529314
1,1,0.37887733817861946
1,1,0.4452493327551694
1,1,0.4241481289086296
1,1,0.4018837910336965
1,1,0.3981370526522374
1,1,0.3986366559682074
1,1,0.41789810561187773
1,1,0.42528212052290115
1,1,0.40668877466991626
1,1,0.3986897481788613
1,1,0.3965856037156734
1,1,0.3745158795147263
1,0,0.36708016950051114
1,1,0.42199558900030676
1,1,0.38136781675773573
1,1,0.40534839529322164
1,1,0.402449218770623
1,1,0.4660253362463833
1,1,0.4180474575341904
1,1,0.4111576275617122
1,1,0.4057366153418377
1,1,0.42978198882304736
1,1,0.4349020536245935
1,1,0.4993589671571583
1,1,0.4004648215590933
1,1,0.3932288138621266
1,1,0.39503264416974726
1,1,0.392386226335431
1,1,0.3928879007858519
1,1,0.40494244627426695
1,1,0.45614402673251386
1,1,0.3976950438381478
1,1,0.4389704938843714
1,1,0.4539368610103971
1,1,0.4649489226339769
1,1,0.4065175035348163
1,1,0.3891934816612462
1,0,0.34997715497480236
1,0,0.32890576332725574
1,0,0.3032694454881734
1,0,0.31782159257187764
1,0,0.31984297855190397
1,0,0.31972289095901146
1,0,0.3371222288900546
1,0,0.3374885999166818
1,0,0.29618034094752504
1,0,0.29596301798402513
1,0,0.28343254987867506
1,0,0.2797470786866044
1,0,0.2748967950689514
1,0,0.28191586498262755
1,0,0.28359651978409534
1,0,0.2838018159968415
1,0,0.28114884027096454
1,0,0.2808541470115017
1,0,0.2750399062199823
1,0,0.27521531329212956
1,0,0.27907769968854734
1,0,0.2785597115538631
1,0,0.26588978352688364
1,0,0.24558542941912928
1,0,0.22339687645937617
1,0,0.2243270279699117
1,0,0.22701962205633283
1,0,0.22487121498760748
1,0,0.22444183764154843
1,0,0.22406198314275416
1,0,0.20855745215356686
1,0,0.2014342946087077
0,0,0.18814248175089346
0,0,0.18009972112380068
0,0,0.10716168800225066
0,0,0.10815450706477131
0,0,0.09481982613579099
0,0,0.08231370818111473
0,0,0.080545715922653
0,0,0.07551478241142114
0,0,0.05212448420532631
0,0,0.04359213921421281
0,0,0.057206013704854106
0,0,0.05212004435061017
0,0,0.04238005728225504
0,0,0.03053815415272795
0,0,0.02531892405979741
0,0,0.025296918650096582
0,0,0.02528531743815251
0,0,0.023628916135007446
0,0,0.02363185930015839
0,0,0.021931675538092624
0,0,0.021944937830773396
0,0,0.021975137095139197
0,0,0.021908156958799753
0,0,0.02193573537849279
0,0,0.025322019454152116
0,0,0.02213648207616027
0,0,0.01865069931623193
0,0,0.01529509030946595
0,0,0.015393217746903661
0,0,0.01379840928244749
0,0,0.015428749678517659
0,0,0.013823441351983896
0,0,0.013897411839139765
0,0,0.013697349896623474
0,0,0.015665961623460338
0,0,0.015427642688711954
0,0,0.015447675736261188
0,0,0.01450873400443049
0,0,0.015545360506706728
0,0,0.0163274170727728
0,0,0.015670464439545742
0,0,0.01579795227060319
0,0,0.017685143708310272
0,0,0.017857587857278333
0,0,0.020942402882781208
0,0,0.01763717592207918
0,0,0.020544325653273725
0,0,0.020616430474882125
0,0,0.01729044355463624
0,0,0.020114057811277668
0,0,0.015395721370300732
0,0,0.017739271404424314
0,0,0.015180155513445379
0,0,0.01685378785199345
0,0,0.01682495471495876
0,0,0.015587126153705319
0,0,0.015162122654101544
0,0,0.017197066722524
0,0,0.01874357967584337
0,0,0.017183090818583147
0,0,0.017959723955161173
0,0,0.01708609146387393
0,0,0.01856455392213851
0,0,0.015958730399744523
0,0,0.018114293118667225
0,0,0.01762566108924526
0,0,0.0185291806075086
0,0,0.01864079631171055
0,0,0.017141684011421764
0,0,0.017807158030413564
0,0,0.017392926937362878
0,0,0.018656917651899148
0,0,0.018833869953093007
0,0,0.01817283184716825
0,0,0.019652643006076727
0,0,0.02039631592460325
0,0,0.019236342022296495
0,0,0.016507762916159203
0,0,0.014709204017609964
0,0,0.017115137529193518
0,0,0.016286177358358158
0,0,0.01999962716082631
0,0,0.014508075574419504
0,0,0.01554789332874384
0,0,0.015566758046873519
0,0,0.01674578998632078
0,0,0.017080939744899035
0,0,0.016617582540474074
0,0,0.01709370753272915
0,0,0.016620429942050673
0,0,0.017116004635010278
0,0,0.016277261970776533
0,0,0.014461708290853107
0,0,0.01723452653247576
0,0,0.012881387900406539
0,0,0.014566076979637183
0,0,0.012786831309727726
0,0,0.014997083334194245
0,0,0.016324705126262964
0,0,0.014604922795106922
0,0,0.015127661081147185
0,0,0.012591747674109907
0,0,0.010540821195017525
0,0,0.014034662489369035
0,0,0.015582558086315404
0,0,0.012442144539023495
0,0,0.01770652258936804
0,0,0.010393506198958026
0,0,0.0154477422915198
0,0,0.01720791060392632
0,0,0.016967569542719677
0,0,0.018745755363286484
0,0,0.013568342617736704
0,0,0.015208695280086046
0,0,0.016861998024483172
0,0,0.015283266749920435
0,0,0.0101790665125941
0,0,0.017226956506646032
0,0,0.016927430101061562
0,0,0.016927479728859128
0,0,0.015180382330003118
0,0,0.015161986361296311
0,0,0.011830732786202697
0,0,0.01015401581432473
0,0,0.0118328322261308
0,0,0.010248074002243047
0,0,0.008634733434576002
0,0,0.01292105693081868
0,0,0.010322002488151797
0,0,0.011918039956328447
0,0,0.012114806391714899
0,0,0.013843362525994492
0,0,0.012364096782936772
0,0,0.013135894430113884
0,0,0.023640399703080187
0,0,0.021716017879192008
0,0,0.02089971201147007
0,0,0.019306169948447957
0,0,0.026567567209290065
0,0,0.018719141756983748
0,0,0.020644149900394572
0,0,0.028127039187771697
0,0,0.021380006029410918
0,0,0.017832508650329634
0,0,0.023444084833966337
0,0,0.027762196097859848
0,0,0.03429154235687998
0,0,0.036074578559259496
0,0,0.042663606579532984
0,0,0.040064974785133156
0,0,0.04311562369285996
0,0,0.03913797065463718
0,0,0.05154609587726072
0,0,0.05405437061225629
0,0,0.061594473468496315
0,0,0.05989074459251886
0,0,0.07206825282078752
0,0,0.0842413093955224
0,0,0.13557503241605548
0,0,0.16246728271720653
0,0,0.16704751907676357
0,0,0.18170260837499905
0,0,0.1920105586664847
0,0,0.2171067213768003
0,0,0.22707945004754926
0,0,0.2659996793231111
0,0,0.2311099877242108
0,0,0.23900633529800028
0,0,0.2439132552583968
0,0,0.26357771007626907
0,0,0.30249870266572854
0,0,0.3095465400103683
0,0,0.2930228990342634
0,0,0.2957831603433903
0,0,0.29890876704758385
0,0,0.2951028727758299
0,0,0.2970092796819821
0,0,0.30617361890361444
0,0,0.2984409105504998
0,0,0.3021784803129991
0,0,0.2921739741815237
0,0,0.2811708596947497
0,0,0.3212693883753797
0,0,0.2912326636161618
0,0,0.32059793445273127
0,0,0.3023492281633066
0,0,0.2939820520527858
0,0,0.3075459732786841
0,0,0.3051963127947204
0,0,0.3202742721991524
0,0,0.33372656460149414
0,0,0.33494382737144734
0,0,0.35079266142838744
0,0,0.35675258311187746
1,1,0.3813921124800292
1,1,0.3859222620592181
1,1,0.4015403902837437
1,1,0.40535818942585494
1,1,0.4401003170110373
1,1,0.3718738556219036
1,1,0.46318360648232926
1,1,0.43548098172292987
1,1,0.4816505752158937
1,1,0.4410129482010178
1,1,0.4642989443216435
1,1,0.46996976921320693
1,1,0.3939560378735441
1,1,0.41056171895666743
1,1,0.4136317389194351
1,1,0.40768230831196134
1,1,0.4028782005051944
1,1,0.49742096576385225
1,1,0.49250514359580366
1,1,0.42197176130851505
1,1,0.5588117944822456
1,1,0.4937422935502583
1,1,0.5117988302922214
1,1,0.41782427270281997
1,1,0.42501213971856994
1,1,0.43012335126199164
1,1,0.43479145572764866
1,1,0.43282273202067145
1,1,0.4370209688416785
1,1,0.583384993650792
1,1,0.424433526630315
1,1,0.5327183907105245
1,1,0.4236219114765772
1,1,0.4411351321764483
1,1,0.4537452542201762
1,1,0.438452289668367
1,1,0.41330352748738675
1,1,0.43273507809143114
1,1,0.43192429406542227
1,1,0.5393964715646058
1,1,0.5357882707174156
1,1,0.5361600410616068
1,1,0.5145416384253421
1,1,0.5085214470328185
1,1,0.5617980682108431
1,1,0.586499980749073
1,1,0.6218041791789118
1,1,0.6701223174083947
1,1,0.6859183590662481
1,1,0.6639604731042542
1,1,0.6798936650145013
1,1,0.7437244675406366
1,1,0.7317266268063736
1,1,0.6989100495149928
1,1,0.6707658220119544
1,1,0.6688241728572952
1,1,0.7045186400734604
1,1,0.6666291839633055
1,1,0.604275890082263
1,1,0.5959366161794731
1,1,0.6247839258007414
1,1,0.7407976695451194
1,1,0.758540395863903
1,1,0.7132646740285344
1,1,0.6910797241966615
1,1,0.7362320713666952
1,1,0.7724932424593693
1,1,0.8036899342572261
1,1,0.8260953552239796
1,1,0.8361073291637682
1,1,0.8329521982269792
1,1,0.8152540715134227
1,1,0.7932384934195228
1,1,0.7928135177814486
1,1,0.8298181661853159
1,1,0.8315869394741464
1,1,0.8250519972883739
1,1,0.8076130155178731
1,1,0.8042958364970677
1,1,0.8056526237269465
1,1,0.8102995591272194
1,1,0.8072028532195037
1,1,0.8239625505943804
1,1,0.8114296617829215
1,1,0.7651642222257155
1,1,0.7664917156202602
1,1,0.7574069310108597
1,1,0.6899222400792486
1,1,0.5561025220415912
1,1,0.4663688180940091
1,1,0.45361081991215435
1,1,0.42186086233065523
1,0,0.3646172702226594
0,0,0.27839313468711263
0,0,0.2611108419283607
0,0,0.26891225360175447
0,0,0.1593811395175596
0,0,0.1392881526856824
0,0,0.10130469731424363
0,0,0.09237058123235042
0,0,0.09048673965039439
0,0,0.04581656127451735
0,0,0.035387086066545656
0,0,0.03526534706079143
0,0,0.030351402591137513
0,0,0.030212829764626657
0,0,0.028512755967605035
0,0,0.021828356597245815
0,0,0.018381151496060788
0,0,0.01838232425668924
0,0,0.016734515426584027
0,0,0.010096304281125897
0,0,0.008409089662932244
0,0,0.008381611062122226
0,0,0.006741066170790165
0,0,0.004626103120549609
0,0,0.004628312827351016
0,0,0.0046263129872533984
0,0,0.0046266786454317275
0,0,0.0033770289501281535
0,0,0.0033435143800386573
0,0,0.0033778743629632756
0,0,0.001753428602269178
0,0,0.0017178882305106868
0,0,5.2304681873209954e-05
0,0,4.843658314574382e-05
0,0,5.78378320705119e-05
0,0,6.929583119844797e-05
0,0,6.708208317831164e-05
0,0,0.000117505735578967
0,0,0.0017661292620665976
0,0,0.0017632690761528336
0,0,5.814833814365868e-05
0,0,8.618238509279998e-05
0,0,5.533275378959202e-05
0,0,0.00025462784276203664
0,0,5.9016607553384953e-05
0,0,0.0017689521389140867
0,0,0.0002638777649683462
0,0,0.0002637737737216761
0,0,0.00021559186685136852
0,0,0.00027813249856840195
0,0,0.00013168907359415079
0,0,0.00032989866209460426
0,0,0.0001770168427828163
0,0,0.003571826989832771
0,0,6.003940128640824e-05
0,0,0.001826116635222246
0,0,5.5885438150462165e-05
0,0,3.4468907795722494e-05
0,0,0.0017119802148491195
0,0,0.00182779978218129
0,0,0.0019048692097653082
0,0,0.0019014838348461079
