Line#,Date,"Solar Radiation (S-LIB 21559981:22047692-1),W/m²,21559981","Temperature (S-THC 21559981:22071558-1),°C,21559981"
1,25-08-20 00:00:00 -0500,ERROR,-4.791
2,25-08-20 00:05:00 -0500,ERROR,-4.984
3,25-08-20 00:10:00 -0500,ERROR,-4.769
4,25-08-20 00:15:00 -0500,ERROR,-4.812
5,25-08-20 00:20:00 -0500,ERROR,-5.134
6,25-08-20 00:25:00 -0500,ERROR,-5.305
7,25-08-20 00:30:00 -0500,ERROR,-5.563
8,25-08-20 00:35:00 -0500,ERROR,-5.627
9,25-08-20 00:40:00 -0500,ERROR,-5.627
10,25-08-20 00:45:00 -0500,ERROR,-5.413
11,25-08-20 00:50:00 -0500,ERROR,-5.777
12,25-08-20 00:55:00 -0500,ERROR,-5.906
13,25-08-20 01:00:00 -0500,ERROR,-6.442
14,25-08-20 01:05:00 -0500,ERROR,-5.906
15,25-08-20 01:10:00 -0500,ERROR,-7.279
16,25-08-20 01:15:00 -0500,ERROR,-6.871
17,25-08-20 01:20:00 -0500,ERROR,-6.7
18,25-08-20 01:25:00 -0500,ERROR,-6.614
19,25-08-20 01:30:00 -0500,ERROR,-6.614
20,25-08-20 01:35:00 -0500,ERROR,-6.292
21,25-08-20 01:40:00 -0500,ERROR,-6.185
22,25-08-20 01:45:00 -0500,ERROR,-6.893
23,25-08-20 01:50:00 -0500,ERROR,-7.193
24,25-08-20 01:55:00 -0500,ERROR,-7.836
25,25-08-20 02:00:00 -0500,ERROR,-7.879
26,25-08-20 02:05:00 -0500,ERROR,-7.686
27,25-08-20 02:10:00 -0500,ERROR,-7.729
28,25-08-20 02:15:00 -0500,ERROR,-7.815
29,25-08-20 02:20:00 -0500,ERROR,-8.115
30,25-08-20 02:25:00 -0500,ERROR,-8.137
31,25-08-20 02:30:00 -0500,ERROR,-7.793
32,25-08-20 02:35:00 -0500,ERROR,-7.686
33,25-08-20 02:40:00 -0500,ERROR,-7.836
34,25-08-20 02:45:00 -0500,ERROR,-7.665
35,25-08-20 02:50:00 -0500,ERROR,-7.579
36,25-08-20 02:55:00 -0500,ERROR,-7.515
37,25-08-20 03:00:00 -0500,ERROR,-7.879
38,25-08-20 03:05:00 -0500,ERROR,-8.072
39,25-08-20 03:10:00 -0500,ERROR,-8.029
40,25-08-20 03:15:00 -0500,ERROR,-8.094
41,25-08-20 03:20:00 -0500,ERROR,-8.415
42,25-08-20 03:25:00 -0500,ERROR,-8.63
43,25-08-20 03:30:00 -0500,ERROR,-8.544
44,25-08-20 03:35:00 -0500,ERROR,-8.372
45,25-08-20 03:40:00 -0500,ERROR,-8.523
46,25-08-20 03:45:00 -0500,ERROR,-8.63
47,25-08-20 03:50:00 -0500,ERROR,-8.952
48,25-08-20 03:55:00 -0500,ERROR,-9.187
49,25-08-20 04:00:00 -0500,ERROR,-9.509
50,25-08-20 04:05:00 -0500,ERROR,-9.659
51,25-08-20 04:10:00 -0500,ERROR,-10.045
52,25-08-20 04:15:00 -0500,ERROR,-9.745
53,25-08-20 04:20:00 -0500,ERROR,-9.745
54,25-08-20 04:25:00 -0500,ERROR,-9.316
55,25-08-20 04:30:00 -0500,ERROR,-9.659
56,25-08-20 04:35:00 -0500,ERROR,-9.702
57,25-08-20 04:40:00 -0500,ERROR,-9.316
58,25-08-20 04:45:00 -0500,ERROR,-9.23
59,25-08-20 04:50:00 -0500,ERROR,-9.423
60,25-08-20 04:55:00 -0500,ERROR,-9.187
61,25-08-20 05:00:00 -0500,ERROR,-9.445
62,25-08-20 05:05:00 -0500,ERROR,-9.295
63,25-08-20 05:10:00 -0500,ERROR,-9.252
64,25-08-20 05:15:00 -0500,ERROR,-9.187
65,25-08-20 05:20:00 -0500,ERROR,-9.166
66,25-08-20 05:25:00 -0500,ERROR,-9.102
67,25-08-20 05:30:00 -0500,ERROR,-9.509
68,25-08-20 05:35:00 -0500,ERROR,-9.767
69,25-08-20 05:40:00 -0500,ERROR,-9.767
70,25-08-20 05:45:00 -0500,ERROR,-9.488
71,25-08-20 05:50:00 -0500,ERROR,-9.574
72,25-08-20 05:55:00 -0500,ERROR,-9.917
73,25-08-20 06:00:00 -0500,ERROR,-10.367
74,25-08-20 06:05:00 -0500,ERROR,-9.767
75,25-08-20 06:10:00 -0500,ERROR,-9.252
76,25-08-20 06:15:00 -0500,ERROR,-9.166
77,25-08-20 06:20:00 -0500,ERROR,-8.544
78,25-08-20 06:25:00 -0500,ERROR,-3.311
79,25-08-20 06:30:00 -0500,ERROR,0.057
80,25-08-20 06:35:00 -0500,ERROR,1.88
81,25-08-20 06:40:00 -0500,ERROR,2.03
82,25-08-20 06:45:00 -0500,ERROR,7.07
83,25-08-20 06:50:00 -0500,ERROR,6.641
84,25-08-20 06:55:00 -0500,ERROR,6.92
85,25-08-20 07:00:00 -0500,ERROR,7.563
86,25-08-20 07:05:00 -0500,ERROR,6.77
87,25-08-20 07:10:00 -0500,ERROR,11.295
88,25-08-20 07:15:00 -0500,ERROR,9.344
89,25-08-20 07:20:00 -0500,ERROR,11.145
90,25-08-20 07:25:00 -0500,ERROR,13.483
91,25-08-20 07:30:00 -0500,ERROR,12.604
92,25-08-20 07:35:00 -0500,ERROR,12.732
93,25-08-20 07:40:00 -0500,ERROR,14.041
94,25-08-20 07:45:00 -0500,ERROR,13.998
95,25-08-20 07:50:00 -0500,ERROR,15.177
96,25-08-20 07:55:00 -0500,ERROR,17.408
97,25-08-20 08:00:00 -0500,ERROR,16.829
98,25-08-20 08:05:00 -0500,ERROR,15.928
99,25-08-20 08:10:00 -0500,ERROR,16.443
100,25-08-20 08:15:00 -0500,ERROR,17.73
101,25-08-20 08:20:00 -0500,ERROR,17.108
102,25-08-20 08:25:00 -0500,ERROR,17.065
103,25-08-20 08:30:00 -0500,ERROR,18.03
104,25-08-20 08:35:00 -0500,ERROR,17.987
105,25-08-20 08:40:00 -0500,ERROR,17.923
106,25-08-20 08:45:00 -0500,ERROR,18.823
107,25-08-20 08:50:00 -0500,ERROR,20.968
108,25-08-20 08:55:00 -0500,ERROR,20.818
109,25-08-20 09:00:00 -0500,ERROR,20.518
110,25-08-20 09:05:00 -0500,ERROR,21.397
111,25-08-20 09:10:00 -0500,ERROR,20.968
112,25-08-20 09:15:00 -0500,ERROR,22.427
113,25-08-20 09:20:00 -0500,ERROR,22.362
114,25-08-20 09:25:00 -0500,ERROR,24.786
115,25-08-20 09:30:00 -0500,ERROR,23.799
116,25-08-20 09:35:00 -0500,ERROR,23.907
117,25-08-20 09:40:00 -0500,ERROR,22.234
118,25-08-20 09:45:00 -0500,ERROR,23.821
119,25-08-20 09:50:00 -0500,ERROR,25.279
120,25-08-20 09:55:00 -0500,ERROR,24.078
121,25-08-20 10:05:00 -0500,846,25.258
122,25-08-20 10:10:00 -0500,222,24.271
123,25-08-20 10:15:00 -0500,833,16.743
124,25-08-20 10:20:00 -0500,848,16.121
125,25-08-20 10:25:00 -0500,837,16.55
126,25-08-20 10:30:00 -0500,857,20.925
127,25-08-20 10:35:00 -0500,862,22.405
128,25-08-20 10:40:00 -0500,868,23.478
129,25-08-20 10:45:00 -0500,874,25.258
130,25-08-20 10:50:00 -0500,926,25.408
131,25-08-20 10:55:00 -0500,916,24.314
132,25-08-20 11:00:00 -0500,914,23.864
133,25-08-20 11:05:00 -0500,929,26.459
134,25-08-20 11:10:00 -0500,934,27.231
135,25-08-20 11:15:00 -0500,969,24.893
136,25-08-20 11:20:00 -0500,957,24.25
137,25-08-20 11:25:00 -0500,947,23.842
138,25-08-20 11:30:00 -0500,948,24.593
139,25-08-20 11:35:00 -0500,954,23.671
140,25-08-20 11:40:00 -0500,952,24.636
141,25-08-20 11:45:00 -0500,953,23.478
142,25-08-20 11:50:00 -0500,949,23.478
143,25-08-20 11:55:00 -0500,948,23.714
144,25-08-20 12:00:00 -0500,949,23.435
145,25-08-20 12:05:00 -0500,958,24.979
146,25-08-20 12:10:00 -0500,951,24.915
147,25-08-20 12:15:00 -0500,953,22.77
148,25-08-20 12:20:00 -0500,953,24.807
149,25-08-20 12:25:00 -0500,944,24.765
150,25-08-20 12:30:00 -0500,944,23.542
151,25-08-20 12:35:00 -0500,941,24.765
152,25-08-20 12:40:00 -0500,946,24.507
153,25-08-20 12:45:00 -0500,157,26.352
154,25-08-20 12:50:00 -0500,976,27.403
155,25-08-20 12:55:00 -0500,973,26.395
156,25-08-20 13:00:00 -0500,951,25.151
157,25-08-20 13:05:00 -0500,976,24.443
158,25-08-20 13:10:00 -0500,926,23.821
159,25-08-20 13:15:00 -0500,897,24.078
160,25-08-20 13:20:00 -0500,899,25.301
161,25-08-20 13:25:00 -0500,187,19.724
162,25-08-20 13:30:00 -0500,898,22.941
163,25-08-20 13:35:00 -0500,836,23.113
164,25-08-20 13:40:00 -0500,829,22.598
165,25-08-20 13:45:00 -0500,817,22.62
166,25-08-20 13:50:00 -0500,804,22.62
167,25-08-20 13:55:00 -0500,801,21.504
168,25-08-20 14:00:00 -0500,788,21.805
169,25-08-20 14:05:00 -0500,819,21.998
170,25-08-20 14:10:00 -0500,163,17.172
171,25-08-20 14:15:00 -0500,166,18.63
172,25-08-20 14:20:00 -0500,748,22.706
173,25-08-20 14:25:00 -0500,766,22.834
174,25-08-20 14:30:00 -0500,731,23.542
175,25-08-20 14:35:00 -0500,204,24.271
176,25-08-20 14:40:00 -0500,186,16.893
177,25-08-20 14:45:00 -0500,237,17.236
178,25-08-20 14:50:00 -0500,753,19.252
179,25-08-20 14:55:00 -0500,683,20.132
180,25-08-20 15:00:00 -0500,671,24.164
181,25-08-20 15:05:00 -0500,642,24.657
182,25-08-20 15:10:00 -0500,607,21.676
183,25-08-20 15:15:00 -0500,568,21.59
184,25-08-20 15:20:00 -0500,571,23.263
185,25-08-20 15:25:00 -0500,519,21.44
186,25-08-20 15:30:00 -0500,497,22.148
187,25-08-20 15:35:00 -0500,486,22.513
188,25-08-20 15:40:00 -0500,468,23.027
189,25-08-20 15:45:00 -0500,436,22.899
190,25-08-20 15:50:00 -0500,414,22.255
191,25-08-20 15:55:00 -0500,394,20.196
192,25-08-20 16:00:00 -0500,376,20.732
193,25-08-20 16:05:00 -0500,364,20.668
194,25-08-20 16:10:00 -0500,323,20.303
195,25-08-20 16:15:00 -0500,298,20.11
196,25-08-20 16:20:00 -0500,72,19.596
197,25-08-20 16:25:00 -0500,256,19.188
198,25-08-20 16:30:00 -0500,238,19.832
199,25-08-20 16:35:00 -0500,36,14.212
200,25-08-20 16:40:00 -0500,196,17.773
201,25-08-20 16:45:00 -0500,184,18.759
202,25-08-20 16:50:00 -0500,161,18.201
203,25-08-20 16:55:00 -0500,24,13.633
204,25-08-20 17:00:00 -0500,22,14.705
205,25-08-20 17:05:00 -0500,21,12.84
206,25-08-20 17:10:00 -0500,17,12.089
207,25-08-20 17:15:00 -0500,14,11.703
208,25-08-20 17:20:00 -0500,14,11.295
209,25-08-20 17:25:00 -0500,14,11.445
210,25-08-20 17:30:00 -0500,12,11.939
211,25-08-20 17:35:00 -0500,7,11.896
212,25-08-20 17:40:00 -0500,2,11.831
213,25-08-20 17:45:00 -0500,1,11.874
214,25-08-20 17:50:00 -0500,1,12.067
215,25-08-20 17:55:00 -0500,1,11.746
216,25-08-20 18:00:00 -0500,1,11.724
217,25-08-20 18:05:00 -0500,1,11.66
218,25-08-20 18:10:00 -0500,1,10.759
219,25-08-20 18:15:00 -0500,1,10.759
220,25-08-20 18:20:00 -0500,1,10.223
221,25-08-20 18:25:00 -0500,1,9.344
222,25-08-20 18:30:00 -0500,1,9.429
223,25-08-20 18:35:00 -0500,1,9.129
224,25-08-20 18:40:00 -0500,1,8.507
225,25-08-20 18:45:00 -0500,1,8.035
226,25-08-20 18:50:00 -0500,1,7.563
227,25-08-20 18:55:00 -0500,1,7.413
228,25-08-20 19:00:00 -0500,1,6.77
229,25-08-20 19:05:00 -0500,1,6.877
230,25-08-20 19:10:00 -0500,1,7.542
231,25-08-20 19:15:00 -0500,1,7.242
232,25-08-20 19:20:00 -0500,1,7.992
233,25-08-20 19:25:00 -0500,1,7.606
234,25-08-20 19:30:00 -0500,1,7.649
235,25-08-20 19:35:00 -0500,1,7.177
236,25-08-20 19:40:00 -0500,1,6.984
237,25-08-20 19:45:00 -0500,1,8.185
238,25-08-20 19:50:00 -0500,1,8.142
239,25-08-20 19:55:00 -0500,1,8.55
240,25-08-20 20:00:00 -0500,1,8.271
241,25-08-20 20:05:00 -0500,1,8.636
242,25-08-20 20:10:00 -0500,1,8.528
243,25-08-20 20:15:00 -0500,1,8.014
244,25-08-20 20:20:00 -0500,1,7.907
245,25-08-20 20:25:00 -0500,1,7.606
246,25-08-20 20:30:00 -0500,1,7.628
247,25-08-20 20:35:00 -0500,1,7.628
248,25-08-20 20:40:00 -0500,1,7.606
249,25-08-20 20:45:00 -0500,1,6.834
250,25-08-20 20:50:00 -0500,1,6.877
251,25-08-20 20:55:00 -0500,1,6.663
252,25-08-20 21:00:00 -0500,1,5.654
253,25-08-20 21:05:00 -0500,1,6.083
254,25-08-20 21:10:00 -0500,1,6.212
255,25-08-20 21:15:00 -0500,1,5.783
256,25-08-20 21:20:00 -0500,1,5.483
257,25-08-20 21:25:00 -0500,1,5.14
258,25-08-20 21:30:00 -0500,1,5.376
259,25-08-20 21:35:00 -0500,1,4.132
260,25-08-20 21:40:00 -0500,1,3.789
261,25-08-20 21:45:00 -0500,1,4.003
262,25-08-20 21:50:00 -0500,1,3.81
263,25-08-20 21:55:00 -0500,1,4.775
264,25-08-20 22:00:00 -0500,1,3.831
265,25-08-20 22:05:00 -0500,1,3.36
266,25-08-20 22:10:00 -0500,1,3.36
267,25-08-20 22:15:00 -0500,1,2.223
268,25-08-20 22:20:00 -0500,1,2.309
269,25-08-20 22:25:00 -0500,1,2.33
270,25-08-20 22:30:00 -0500,1,2.566
271,25-08-20 22:35:00 -0500,1,2.437
272,25-08-20 22:40:00 -0500,1,2.33
273,25-08-20 22:45:00 -0500,1,1.408
274,25-08-20 22:50:00 -0500,1,1.129
275,25-08-20 22:55:00 -0500,1,1.108
276,25-08-20 23:00:00 -0500,1,0.807
277,25-08-20 23:05:00 -0500,1,0.292
278,25-08-20 23:10:00 -0500,1,0.893
279,25-08-20 23:15:00 -0500,1,0.4
280,25-08-20 23:20:00 -0500,1,0.486
281,25-08-20 23:25:00 -0500,1,0.936
282,25-08-20 23:30:00 -0500,1,1.837
283,25-08-20 23:35:00 -0500,1,1.494
284,25-08-20 23:40:00 -0500,1,1.622
285,25-08-20 23:45:00 -0500,1,0.528
286,25-08-20 23:50:00 -0500,1,0.099
287,25-08-20 23:55:00 -0500,1,0.078
288,25-08-21 00:00:00 -0500,1,0.057
289,25-08-21 00:05:00 -0500,1,0.292
290,25-08-21 00:10:00 -0500,1,-0.372
291,25-08-21 00:15:00 -0500,1,-0.651
292,25-08-21 00:20:00 -0500,1,-0.587
293,25-08-21 00:25:00 -0500,1,0.228
294,25-08-21 00:30:00 -0500,1,-0.094
295,25-08-21 00:35:00 -0500,1,-0.072
296,25-08-21 00:40:00 -0500,1,0.078
297,25-08-21 00:45:00 -0500,1,-1.338
298,25-08-21 00:50:00 -0500,1,-1.852
299,25-08-21 00:55:00 -0500,1,-1.638
300,25-08-21 01:00:00 -0500,1,-1.681
301,25-08-21 01:05:00 -0500,1,-1.595
302,25-08-21 01:10:00 -0500,1,-1.145
303,25-08-21 01:15:00 -0500,1,-1.338
304,25-08-21 01:20:00 -0500,1,-0.694
305,25-08-21 01:25:00 -0500,1,-0.93
306,25-08-21 01:30:00 -0500,1,-1.445
307,25-08-21 01:35:00 -0500,1,-1.38
308,25-08-21 01:40:00 -0500,1,-1.531
309,25-08-21 01:45:00 -0500,1,-2.474
310,25-08-21 01:50:00 -0500,1,-1.96
311,25-08-21 01:55:00 -0500,1,-2.002
312,25-08-21 02:00:00 -0500,1,-1.659
313,25-08-21 02:05:00 -0500,1,-1.659
314,25-08-21 02:10:00 -0500,1,-1.659
315,25-08-21 02:15:00 -0500,1,-1.338
316,25-08-21 02:20:00 -0500,1,-0.887
317,25-08-21 02:25:00 -0500,1,-0.587
318,25-08-21 02:30:00 -0500,1,-0.394
319,25-08-21 02:35:00 -0500,1,-0.415
320,25-08-21 02:40:00 -0500,1,-0.115
321,25-08-21 02:45:00 -0500,1,0.057
322,25-08-21 02:50:00 -0500,1,-0.158
323,25-08-21 02:55:00 -0500,1,0.228
324,25-08-21 03:00:00 -0500,1,0.271
325,25-08-21 03:05:00 -0500,1,0.486
326,25-08-21 03:10:00 -0500,1,0.957
327,25-08-21 03:15:00 -0500,1,0.936
328,25-08-21 03:20:00 -0500,1,1.558
329,25-08-21 03:25:00 -0500,1,1.579
330,25-08-21 03:30:00 -0500,1,2.373
331,25-08-21 03:35:00 -0500,1,2.137
332,25-08-21 03:40:00 -0500,1,1.687
333,25-08-21 03:45:00 -0500,1,1.73
334,25-08-21 03:50:00 -0500,1,3.209
335,25-08-21 03:55:00 -0500,1,3.445
336,25-08-21 04:00:00 -0500,1,3.381
337,25-08-21 04:05:00 -0500,1,3.295
338,25-08-21 04:10:00 -0500,1,2.566
339,25-08-21 04:15:00 -0500,1,1.987
340,25-08-21 04:20:00 -0500,1,1.944
341,25-08-21 04:25:00 -0500,1,1.622
342,25-08-21 04:30:00 -0500,1,1.772
343,25-08-21 04:35:00 -0500,1,2.051
344,25-08-21 04:40:00 -0500,1,2.545
345,25-08-21 04:45:00 -0500,1,2.609
346,25-08-21 04:50:00 -0500,1,2.437
347,25-08-21 04:55:00 -0500,1,2.502
348,25-08-21 05:00:00 -0500,1,2.695
349,25-08-21 05:05:00 -0500,1,2.845
350,25-08-21 05:10:00 -0500,1,2.459
351,25-08-21 05:15:00 -0500,1,2.48
352,25-08-21 05:20:00 -0500,1,2.673
353,25-08-21 05:25:00 -0500,1,2.502
354,25-08-21 05:30:00 -0500,1,2.609
355,25-08-21 05:35:00 -0500,1,2.158
356,25-08-21 05:40:00 -0500,1,1.837
357,25-08-21 05:45:00 -0500,1,1.494
358,25-08-21 05:50:00 -0500,1,1
359,25-08-21 05:55:00 -0500,2,0.421
360,25-08-21 06:00:00 -0500,4,0.764
361,25-08-21 06:05:00 -0500,7,0.614
362,25-08-21 06:10:00 -0500,9,0.55
363,25-08-21 06:15:00 -0500,12,0.357
364,25-08-21 06:20:00 -0500,14,0.099
365,25-08-21 06:25:00 -0500,17,0.421
366,25-08-21 06:30:00 -0500,21,0.679
367,25-08-21 06:35:00 -0500,138,0.936
368,25-08-21 06:40:00 -0500,147,3.295
369,25-08-21 06:45:00 -0500,164,5.226
370,25-08-21 06:50:00 -0500,184,6.126
371,25-08-21 06:55:00 -0500,202,5.397
372,25-08-21 07:00:00 -0500,221,5.697
373,25-08-21 07:05:00 -0500,239,6.212
374,25-08-21 07:10:00 -0500,259,6.877
375,25-08-21 07:15:00 -0500,281,7.821
376,25-08-21 07:20:00 -0500,301,8.614
377,25-08-21 07:25:00 -0500,322,9.408
378,25-08-21 07:30:00 -0500,343,10.394
379,25-08-21 07:35:00 -0500,362,12.282
380,25-08-21 07:40:00 -0500,383,13.397
381,25-08-21 07:45:00 -0500,407,14.362
382,25-08-21 07:50:00 -0500,434,14.126
383,25-08-21 07:55:00 -0500,458,15.092
384,25-08-21 08:00:00 -0500,476,14.791
385,25-08-21 08:05:00 -0500,491,15.778
386,25-08-21 08:10:00 -0500,524,14.384
387,25-08-21 08:15:00 -0500,519,14.727
388,25-08-21 08:20:00 -0500,533,15.499
389,25-08-21 08:25:00 -0500,557,17.966
390,25-08-21 08:30:00 -0500,559,16.807
391,25-08-21 08:35:00 -0500,594,17.151
392,25-08-21 08:40:00 -0500,538,18.03
393,25-08-21 08:45:00 -0500,708,17.494
394,25-08-21 08:50:00 -0500,698,17.258
395,25-08-21 08:55:00 -0500,679,18.287
396,25-08-21 09:00:00 -0500,694,18.094
397,25-08-21 09:05:00 -0500,774,21.14
398,25-08-21 09:10:00 -0500,828,21.419
399,25-08-21 09:15:00 -0500,838,23.37
400,25-08-21 09:20:00 -0500,849,23.714
401,25-08-21 09:25:00 -0500,228,24.035
402,25-08-21 09:30:00 -0500,244,17.537
403,25-08-21 09:35:00 -0500,841,20.925
404,25-08-21 09:40:00 -0500,671,20.303
405,25-08-21 09:45:00 -0500,167,17.88
406,25-08-21 09:50:00 -0500,727,17.751
407,25-08-21 09:55:00 -0500,889,20.99
408,25-08-21 10:00:00 -0500,922,23.349
409,25-08-21 10:05:00 -0500,649,21.076
410,25-08-21 10:10:00 -0500,994,18.609
411,25-08-21 10:15:00 -0500,936,18.909
412,25-08-21 10:20:00 -0500,954,17.944
413,25-08-21 10:25:00 -0500,924,16.421
414,25-08-21 10:30:00 -0500,938,18.03
415,25-08-21 10:35:00 -0500,173,14.92
416,25-08-21 10:40:00 -0500,937,17.687
417,25-08-21 10:45:00 -0500,"1,046",19.445
418,25-08-21 10:50:00 -0500,401,21.311
419,25-08-21 10:55:00 -0500,"1,089",23.563
420,25-08-21 11:00:00 -0500,"1,081",24.464
421,25-08-21 11:05:00 -0500,"1,003",25.558
422,25-08-21 11:10:00 -0500,"1,043",23.585
423,25-08-21 11:15:00 -0500,"1,083",24.958
424,25-08-21 11:20:00 -0500,"1,173",18.201
425,25-08-21 11:25:00 -0500,226,16.529
426,25-08-21 11:30:00 -0500,697,25.365
427,25-08-21 11:35:00 -0500,"1,149",20.925
428,25-08-21 11:40:00 -0500,"1,168",24.035
429,25-08-21 11:45:00 -0500,184,20.582
430,25-08-21 11:50:00 -0500,186,18.695
431,25-08-21 11:55:00 -0500,"1,022",22.555
432,25-08-21 12:00:00 -0500,"1,116",25.365
433,25-08-21 12:05:00 -0500,"1,116",24.915
434,25-08-21 12:10:00 -0500,257,20.325
435,25-08-21 12:15:00 -0500,293,16.357
436,25-08-21 12:20:00 -0500,"1,083",24.614
437,25-08-21 12:25:00 -0500,"1,103",21.011
438,25-08-21 12:30:00 -0500,"1,061",26.395
439,25-08-21 12:35:00 -0500,406,25.215
440,25-08-21 12:40:00 -0500,"1,179",23.95
441,25-08-21 12:45:00 -0500,"1,128",23.864
442,25-08-21 12:50:00 -0500,"1,169",21.462
443,25-08-21 12:55:00 -0500,268,19.853
444,25-08-21 13:00:00 -0500,269,18.395
445,25-08-21 13:05:00 -0500,574,23.263
446,25-08-21 13:10:00 -0500,311,21.762
447,25-08-21 13:15:00 -0500,251,20.475
448,25-08-21 13:20:00 -0500,264,18.695
449,25-08-21 13:25:00 -0500,448,21.076
450,25-08-21 13:30:00 -0500,"1,084",25.987
451,25-08-21 13:35:00 -0500,276,24.593
452,25-08-21 13:40:00 -0500,"1,032",20.11
453,25-08-21 13:45:00 -0500,241,17.966
454,25-08-21 13:50:00 -0500,304,21.805
455,25-08-21 13:55:00 -0500,269,17.601
456,25-08-21 14:00:00 -0500,436,18.395
457,25-08-21 14:05:00 -0500,981,23.177
458,25-08-21 14:10:00 -0500,301,20.689
459,25-08-21 14:15:00 -0500,972,22.748
460,25-08-21 14:20:00 -0500,908,24.958
461,25-08-21 14:25:00 -0500,216,18.909
462,25-08-21 14:30:00 -0500,293,21.998
463,25-08-21 14:35:00 -0500,694,22.555
464,25-08-21 14:40:00 -0500,367,22.062
465,25-08-21 14:45:00 -0500,196,17.837
466,25-08-21 14:50:00 -0500,163,16.786
467,25-08-21 14:55:00 -0500,149,15.756
468,25-08-21 15:00:00 -0500,354,16.958
469,25-08-21 15:05:00 -0500,334,24.121
470,25-08-21 15:10:00 -0500,122,16.164
471,25-08-21 15:15:00 -0500,626,18.781
472,25-08-21 15:20:00 -0500,652,23.907
473,25-08-21 15:25:00 -0500,133,19.66
474,25-08-21 15:30:00 -0500,441,16.979
475,25-08-21 15:35:00 -0500,519,22.534
476,25-08-21 15:40:00 -0500,479,23.135
477,25-08-21 15:45:00 -0500,467,22.513
478,25-08-21 15:50:00 -0500,428,22.126
479,25-08-21 15:55:00 -0500,66,19.81
480,25-08-21 16:00:00 -0500,63,14.899
481,25-08-21 16:05:00 -0500,386,19.017
482,25-08-21 16:10:00 -0500,367,21.354
483,25-08-21 16:15:00 -0500,339,21.462
484,25-08-21 16:20:00 -0500,314,20.26
485,25-08-21 16:25:00 -0500,289,20.003
486,25-08-21 16:30:00 -0500,261,19.767
487,25-08-21 16:35:00 -0500,241,20.089
488,25-08-21 16:40:00 -0500,211,19.145
489,25-08-21 16:45:00 -0500,189,18.395
490,25-08-21 16:50:00 -0500,168,18.266
491,25-08-21 16:55:00 -0500,146,17.708
492,25-08-21 17:00:00 -0500,127,17.837
493,25-08-21 17:05:00 -0500,28,15.842
494,25-08-21 17:10:00 -0500,21,12.732
495,25-08-21 17:15:00 -0500,16,12.303
496,25-08-21 17:20:00 -0500,13,11.982
497,25-08-21 17:25:00 -0500,11,11.381
498,25-08-21 17:30:00 -0500,9,10.781
499,25-08-21 17:35:00 -0500,7,10.759
500,25-08-21 17:40:00 -0500,3,10.244
501,25-08-21 17:45:00 -0500,1,9.901
502,25-08-21 17:50:00 -0500,1,9.751
503,25-08-21 17:55:00 -0500,1,9.837
504,25-08-21 18:00:00 -0500,1,9.558
505,25-08-21 18:05:00 -0500,1,9.408
506,25-08-21 18:10:00 -0500,1,9.108
507,25-08-21 18:15:00 -0500,1,8.743
508,25-08-21 18:20:00 -0500,1,8.679
509,25-08-21 18:25:00 -0500,1,8.679
510,25-08-21 18:30:00 -0500,1,8.486
511,25-08-21 18:35:00 -0500,1,7.949
512,25-08-21 18:40:00 -0500,1,7.156
513,25-08-21 18:45:00 -0500,1,7.563
514,25-08-21 18:50:00 -0500,1,7.52
515,25-08-21 18:55:00 -0500,1,7.799
516,25-08-21 19:00:00 -0500,1,7.435
517,25-08-21 19:05:00 -0500,1,6.276
518,25-08-21 19:10:00 -0500,1,6.148
519,25-08-21 19:15:00 -0500,1,5.075
520,25-08-21 19:20:00 -0500,1,5.14
521,25-08-21 19:25:00 -0500,1,5.762
522,25-08-21 19:30:00 -0500,1,5.762
523,25-08-21 19:35:00 -0500,1,5.676
524,25-08-21 19:40:00 -0500,1,5.397
525,25-08-21 19:45:00 -0500,1,5.204
526,25-08-21 19:50:00 -0500,1,5.869
527,25-08-21 19:55:00 -0500,1,6.212
528,25-08-21 20:00:00 -0500,1,6.491
529,25-08-21 20:05:00 -0500,1,6.92
530,25-08-21 20:10:00 -0500,1,7.585
531,25-08-21 20:15:00 -0500,1,7.735
532,25-08-21 20:20:00 -0500,1,7.413
533,25-08-21 20:25:00 -0500,1,7.413
534,25-08-21 20:30:00 -0500,1,6.834
535,25-08-21 20:35:00 -0500,1,6.813
536,25-08-21 20:40:00 -0500,1,6.663
537,25-08-21 20:45:00 -0500,1,6.319
538,25-08-21 20:50:00 -0500,1,6.212
539,25-08-21 20:55:00 -0500,1,5.998
540,25-08-21 21:00:00 -0500,1,5.633
541,25-08-21 21:05:00 -0500,1,5.89
542,25-08-21 21:10:00 -0500,1,5.333
543,25-08-21 21:15:00 -0500,1,4.067
544,25-08-21 21:20:00 -0500,1,3.531
545,25-08-21 21:25:00 -0500,1,3.295
546,25-08-21 21:30:00 -0500,1,4.175
547,25-08-21 21:35:00 -0500,1,4.453
548,25-08-21 21:40:00 -0500,1,4.561
549,25-08-21 21:45:00 -0500,1,4.689
550,25-08-21 21:50:00 -0500,1,4.711
551,25-08-21 21:55:00 -0500,1,5.097
552,25-08-21 22:00:00 -0500,1,4.925
553,25-08-21 22:05:00 -0500,1,3.188
554,25-08-21 22:10:00 -0500,1,3.424
555,25-08-21 22:15:00 -0500,1,3.424
556,25-08-21 22:20:00 -0500,1,3.595
557,25-08-21 22:25:00 -0500,1,3.488
558,25-08-21 22:30:00 -0500,1,3.338
559,25-08-21 22:35:00 -0500,1,2.652
560,25-08-21 22:40:00 -0500,1,2.437
561,25-08-21 22:45:00 -0500,1,1.901
562,25-08-21 22:50:00 -0500,1,1.644
563,25-08-21 22:55:00 -0500,1,1.515
564,25-08-21 23:00:00 -0500,1,2.416
565,25-08-21 23:05:00 -0500,1,0.657
566,25-08-21 23:10:00 -0500,1,0.679
567,25-08-21 23:15:00 -0500,1,0.743
568,25-08-21 23:20:00 -0500,1,0.292
569,25-08-21 23:25:00 -0500,1,0.593
570,25-08-21 23:30:00 -0500,1,0.314
571,25-08-21 23:35:00 -0500,1,0.164
572,25-08-21 23:40:00 -0500,1,0.657
573,25-08-21 23:45:00 -0500,1,0.571
574,25-08-21 23:50:00 -0500,1,0.035
575,25-08-21 23:55:00 -0500,1,0.057
576,25-08-22 00:00:00 -0500,1,-0.265
577,25-08-22 00:05:00 -0500,1,-0.265
578,25-08-22 00:10:00 -0500,1,-0.887
579,25-08-22 00:15:00 -0500,1,-0.78
580,25-08-22 00:20:00 -0500,1,-0.951
581,25-08-22 00:25:00 -0500,1,-1.166
582,25-08-22 00:30:00 -0500,1,-1.488
583,25-08-22 00:35:00 -0500,1,-1.809
584,25-08-22 00:40:00 -0500,1,-1.852
585,25-08-22 00:45:00 -0500,1,-1.767
586,25-08-22 00:50:00 -0500,1,-1.852
587,25-08-22 00:55:00 -0500,1,-1.917
588,25-08-22 01:00:00 -0500,1,-2.195
589,25-08-22 01:05:00 -0500,1,-2.367
590,25-08-22 01:10:00 -0500,1,-2.56
591,25-08-22 01:15:00 -0500,1,-2.882
592,25-08-22 01:20:00 -0500,1,-3.01
593,25-08-22 01:25:00 -0500,1,-2.968
594,25-08-22 01:30:00 -0500,1,-2.839
595,25-08-22 01:35:00 -0500,1,-2.753
596,25-08-22 01:40:00 -0500,1,-3.075
597,25-08-22 01:45:00 -0500,1,-3.032
598,25-08-22 01:50:00 -0500,1,-2.882
599,25-08-22 01:55:00 -0500,1,-3.01
600,25-08-22 02:00:00 -0500,1,-3.032
601,25-08-22 02:05:00 -0500,1,-3.611
602,25-08-22 02:10:00 -0500,1,-3.632
603,25-08-22 02:15:00 -0500,1,-3.868
604,25-08-22 02:20:00 -0500,1,-3.783
605,25-08-22 02:25:00 -0500,1,-4.362
606,25-08-22 02:30:00 -0500,1,-3.847
607,25-08-22 02:35:00 -0500,1,-3.675
608,25-08-22 02:40:00 -0500,1,-4.019
609,25-08-22 02:45:00 -0500,1,-4.083
610,25-08-22 02:50:00 -0500,1,-4.748
611,25-08-22 02:55:00 -0500,1,-4.34
612,25-08-22 03:00:00 -0500,1,-3.954
613,25-08-22 03:05:00 -0500,1,-3.547
614,25-08-22 03:10:00 -0500,1,-3.74
615,25-08-22 03:15:00 -0500,1,-4.19
616,25-08-22 03:20:00 -0500,1,-4.49
617,25-08-22 03:25:00 -0500,1,-4.791
618,25-08-22 03:30:00 -0500,1,-4.19
619,25-08-22 03:35:00 -0500,1,-4.662
620,25-08-22 03:40:00 -0500,1,-4.276
621,25-08-22 03:45:00 -0500,1,-4.362
622,25-08-22 03:50:00 -0500,1,-4.769
623,25-08-22 03:55:00 -0500,1,-4.984
624,25-08-22 04:00:00 -0500,1,-5.305
625,25-08-22 04:05:00 -0500,1,-5.134
626,25-08-22 04:10:00 -0500,1,-5.005
627,25-08-22 04:15:00 -0500,1,-4.791
628,25-08-22 04:20:00 -0500,1,-4.855
629,25-08-22 04:25:00 -0500,1,-5.241
630,25-08-22 04:30:00 -0500,1,-4.941
631,25-08-22 04:35:00 -0500,1,-4.962
632,25-08-22 04:40:00 -0500,1,-4.812
633,25-08-22 04:45:00 -0500,1,-5.027
634,25-08-22 04:50:00 -0500,1,-5.348
635,25-08-22 04:55:00 -0500,1,-5.134
636,25-08-22 05:00:00 -0500,1,-5.069
637,25-08-22 05:05:00 -0500,1,-4.834
638,25-08-22 05:10:00 -0500,1,-5.305
639,25-08-22 05:15:00 -0500,1,-4.962
640,25-08-22 05:20:00 -0500,1,-4.147
641,25-08-22 05:25:00 -0500,1,-3.868
642,25-08-22 05:30:00 -0500,1,-3.675
643,25-08-22 05:35:00 -0500,1,-3.59
644,25-08-22 05:40:00 -0500,1,-3.289
645,25-08-22 05:45:00 -0500,1,-3.268
646,25-08-22 05:50:00 -0500,1,-3.161
647,25-08-22 05:55:00 -0500,1,-3.182
648,25-08-22 06:00:00 -0500,1,-3.139
649,25-08-22 06:05:00 -0500,3,-2.903
650,25-08-22 06:10:00 -0500,6,-2.71
651,25-08-22 06:15:00 -0500,12,-2.496
652,25-08-22 06:20:00 -0500,14,-2.26
653,25-08-22 06:25:00 -0500,19,-1.788
654,25-08-22 06:30:00 -0500,29,-1.595
655,25-08-22 06:35:00 -0500,38,-1.209
656,25-08-22 06:40:00 -0500,38,-0.651
657,25-08-22 06:45:00 -0500,43,-0.351
658,25-08-22 06:50:00 -0500,49,0.164
659,25-08-22 06:55:00 -0500,57,0.528
660,25-08-22 07:00:00 -0500,74,1.086
661,25-08-22 07:05:00 -0500,81,1.472
662,25-08-22 07:10:00 -0500,96,2.051
663,25-08-22 07:15:00 -0500,104,2.78
664,25-08-22 07:20:00 -0500,111,2.566
665,25-08-22 07:25:00 -0500,117,2.738
666,25-08-22 07:30:00 -0500,119,2.952
667,25-08-22 07:35:00 -0500,123,3.252
668,25-08-22 07:40:00 -0500,129,3.252
669,25-08-22 07:45:00 -0500,153,4.067
670,25-08-22 07:50:00 -0500,172,4.539
671,25-08-22 07:55:00 -0500,171,5.011
672,25-08-22 08:00:00 -0500,178,5.054
673,25-08-22 08:05:00 -0500,207,5.826
674,25-08-22 08:10:00 -0500,253,7.649
675,25-08-22 08:15:00 -0500,271,8.164
676,25-08-22 08:20:00 -0500,297,9.193
677,25-08-22 08:25:00 -0500,299,9.708
678,25-08-22 08:30:00 -0500,297,10.63
679,25-08-22 08:35:00 -0500,312,9.901
680,25-08-22 08:40:00 -0500,349,10.587
681,25-08-22 08:45:00 -0500,311,11.231
682,25-08-22 08:50:00 -0500,342,11.617
683,25-08-22 08:55:00 -0500,416,12.432
684,25-08-22 09:00:00 -0500,518,13.912
685,25-08-22 09:05:00 -0500,467,13.526
686,25-08-22 09:10:00 -0500,384,13.633
687,25-08-22 09:15:00 -0500,426,13.247
688,25-08-22 09:20:00 -0500,699,18.823
689,25-08-22 09:25:00 -0500,512,22.126
690,25-08-22 09:30:00 -0500,718,22.277
691,25-08-22 09:35:00 -0500,664,24.035
692,25-08-22 09:40:00 -0500,787,22.448
693,25-08-22 09:45:00 -0500,797,20.496
694,25-08-22 09:50:00 -0500,759,20.346
695,25-08-22 09:55:00 -0500,801,19.317
696,25-08-22 10:00:00 -0500,813,23.006
697,25-08-22 10:05:00 -0500,886,22.727
698,25-08-22 10:10:00 -0500,749,18.373
699,25-08-22 10:15:00 -0500,"1,024",18.866
700,25-08-22 10:20:00 -0500,963,19.36
701,25-08-22 10:25:00 -0500,309,16.764
702,25-08-22 10:30:00 -0500,997,16.936
703,25-08-22 10:35:00 -0500,"1,052",17.923
704,25-08-22 10:40:00 -0500,866,19.467
705,25-08-22 10:45:00 -0500,"1,138",17.601
706,25-08-22 10:50:00 -0500,"1,059",19.038
707,25-08-22 10:55:00 -0500,966,21.826
708,25-08-22 11:00:00 -0500,"1,053",25
709,25-08-22 11:05:00 -0500,232,22.234
710,25-08-22 11:10:00 -0500,"1,061",21.955
711,25-08-22 11:15:00 -0500,257,17.901
712,25-08-22 11:20:00 -0500,"1,099",22.641
713,25-08-22 11:25:00 -0500,"1,038",22.598
714,25-08-22 11:30:00 -0500,872,23.885
715,25-08-22 11:35:00 -0500,991,24.507
716,25-08-22 11:40:00 -0500,"1,056",24.829
717,25-08-22 11:45:00 -0500,"1,079",26.759
718,25-08-22 11:50:00 -0500,967,23.37
719,25-08-22 11:55:00 -0500,614,18.073
720,25-08-22 12:00:00 -0500,993,22.77
721,25-08-22 12:05:00 -0500,682,18.502
722,25-08-22 12:10:00 -0500,968,21.655
723,25-08-22 12:15:00 -0500,938,19.767
724,25-08-22 12:20:00 -0500,978,24.207
725,25-08-22 12:25:00 -0500,882,23.285
726,25-08-22 12:30:00 -0500,858,18.588
727,25-08-22 12:35:00 -0500,"1,056",24.979
728,25-08-22 12:40:00 -0500,911,23.992
729,25-08-22 12:45:00 -0500,622,17.966
730,25-08-22 12:50:00 -0500,924,22.899
731,25-08-22 12:55:00 -0500,894,23.306
732,25-08-22 13:00:00 -0500,348,22.298
733,25-08-22 13:05:00 -0500,271,18.287
734,25-08-22 13:10:00 -0500,346,20.518
735,25-08-22 13:15:00 -0500,298,22.105
736,25-08-22 13:20:00 -0500,753,18.738
737,25-08-22 13:25:00 -0500,814,24.164
738,25-08-22 13:30:00 -0500,311,19.81
739,25-08-22 13:35:00 -0500,831,18.995
740,25-08-22 13:40:00 -0500,802,22.92
741,25-08-22 13:45:00 -0500,687,23.135
742,25-08-22 13:50:00 -0500,269,20.175
743,25-08-22 13:55:00 -0500,758,19.789
744,25-08-22 14:00:00 -0500,279,18.502
745,25-08-22 14:05:00 -0500,447,18.866
746,25-08-22 14:10:00 -0500,771,21.526
747,25-08-22 14:15:00 -0500,694,22.963
748,25-08-22 14:20:00 -0500,719,24.464
749,25-08-22 14:25:00 -0500,583,23.285
750,25-08-22 14:30:00 -0500,508,21.226
751,25-08-22 14:35:00 -0500,266,22.062
752,25-08-22 14:40:00 -0500,409,19.317
753,25-08-22 14:45:00 -0500,664,22.169
754,25-08-22 14:50:00 -0500,506,22.47
755,25-08-22 14:55:00 -0500,359,21.311
756,25-08-22 15:00:00 -0500,503,20.689
757,25-08-22 15:05:00 -0500,209,18.823
758,25-08-22 15:10:00 -0500,219,17.386
759,25-08-22 15:15:00 -0500,542,21.783
760,25-08-22 15:20:00 -0500,254,22.084
761,25-08-22 15:25:00 -0500,259,19.167
762,25-08-22 15:30:00 -0500,533,19.081
763,25-08-22 15:35:00 -0500,526,22.92
764,25-08-22 15:40:00 -0500,226,21.14
765,25-08-22 15:45:00 -0500,334,20.668
766,25-08-22 15:50:00 -0500,332,17.665
767,25-08-22 15:55:00 -0500,362,20.26
768,25-08-22 16:00:00 -0500,357,20.539
769,25-08-22 16:05:00 -0500,209,18.823
770,25-08-22 16:10:00 -0500,203,17.172
771,25-08-22 16:15:00 -0500,296,19.059
772,25-08-22 16:20:00 -0500,163,19.295
773,25-08-22 16:25:00 -0500,141,16.679
774,25-08-22 16:30:00 -0500,129,16.293
775,25-08-22 16:35:00 -0500,143,16.786
776,25-08-22 16:40:00 -0500,102,15.306
777,25-08-22 16:45:00 -0500,92,14.941
778,25-08-22 16:50:00 -0500,79,14.555
779,25-08-22 16:55:00 -0500,73,14.191
780,25-08-22 17:00:00 -0500,68,13.719
781,25-08-22 17:05:00 -0500,74,13.998
782,25-08-22 17:10:00 -0500,52,13.462
783,25-08-22 17:15:00 -0500,37,12.99
784,25-08-22 17:20:00 -0500,27,12.475
785,25-08-22 17:25:00 -0500,22,12.239
786,25-08-22 17:30:00 -0500,14,12.003
787,25-08-22 17:35:00 -0500,7,11.016
788,25-08-22 17:40:00 -0500,3,10.845
789,25-08-22 17:45:00 -0500,1,10.866
790,25-08-22 17:50:00 -0500,1,10.416
791,25-08-22 17:55:00 -0500,1,10.18
792,25-08-22 18:00:00 -0500,1,10.159
793,25-08-22 18:05:00 -0500,1,9.815
794,25-08-22 18:10:00 -0500,1,9.429
795,25-08-22 18:15:00 -0500,1,9.193
796,25-08-22 18:20:00 -0500,1,8.614
797,25-08-22 18:25:00 -0500,1,8.25
798,25-08-22 18:30:00 -0500,1,7.907
799,25-08-22 18:35:00 -0500,1,8.1
800,25-08-22 18:40:00 -0500,1,7.177
801,25-08-22 18:45:00 -0500,1,7.842
802,25-08-22 18:50:00 -0500,1,8.185
803,25-08-22 18:55:00 -0500,1,8.378
804,25-08-22 19:00:00 -0500,1,8.357
805,25-08-22 19:05:00 -0500,1,8.271
806,25-08-22 19:10:00 -0500,1,7.949
807,25-08-22 19:15:00 -0500,1,7.649
808,25-08-22 19:20:00 -0500,1,7.392
809,25-08-22 19:25:00 -0500,1,7.842
810,25-08-22 19:30:00 -0500,1,7.628
811,25-08-22 19:35:00 -0500,1,6.019
812,25-08-22 19:40:00 -0500,1,6.427
813,25-08-22 19:45:00 -0500,1,5.869
814,25-08-22 19:50:00 -0500,1,5.676
815,25-08-22 19:55:00 -0500,1,6.491
816,25-08-22 20:00:00 -0500,1,6.577
817,25-08-22 20:05:00 -0500,1,6.727
818,25-08-22 20:10:00 -0500,1,6.663
819,25-08-22 20:15:00 -0500,1,6.684
820,25-08-22 20:20:00 -0500,1,6.663
821,25-08-22 20:25:00 -0500,1,6.834
822,25-08-22 20:30:00 -0500,1,6.684
823,25-08-22 20:35:00 -0500,1,6.448
824,25-08-22 20:40:00 -0500,1,5.762
825,25-08-22 20:45:00 -0500,1,5.976
826,25-08-22 20:50:00 -0500,1,6.384
827,25-08-22 20:55:00 -0500,1,6.298
828,25-08-22 21:00:00 -0500,1,6.705
829,25-08-22 21:05:00 -0500,1,6.555
830,25-08-22 21:10:00 -0500,1,6.448
831,25-08-22 21:15:00 -0500,1,6.512
832,25-08-22 21:20:00 -0500,1,6.191
833,25-08-22 21:25:00 -0500,1,6.512
834,25-08-22 21:30:00 -0500,1,6.534
835,25-08-22 21:35:00 -0500,1,6.234
836,25-08-22 21:40:00 -0500,1,5.848
837,25-08-22 21:45:00 -0500,1,5.483
838,25-08-22 21:50:00 -0500,1,5.547
839,25-08-22 21:55:00 -0500,1,5.29
840,25-08-22 22:00:00 -0500,1,4.26
841,25-08-22 22:05:00 -0500,1,4.175
842,25-08-22 22:10:00 -0500,1,3.789
843,25-08-22 22:15:00 -0500,1,3.252
844,25-08-22 22:20:00 -0500,1,2.63
845,25-08-22 22:25:00 -0500,1,2.094
846,25-08-22 22:30:00 -0500,1,2.137
847,25-08-22 22:35:00 -0500,1,2.051
848,25-08-22 22:40:00 -0500,1,1.73
849,25-08-22 22:45:00 -0500,1,1.772
850,25-08-22 22:50:00 -0500,1,1.236
851,25-08-22 22:55:00 -0500,1,0.872
852,25-08-22 23:00:00 -0500,1,0.443
853,25-08-22 23:05:00 -0500,1,0.142
854,25-08-22 23:10:00 -0500,1,-0.372
855,25-08-22 23:15:00 -0500,1,-0.008
856,25-08-22 23:20:00 -0500,1,-0.201
857,25-08-22 23:25:00 -0500,1,-0.394
858,25-08-22 23:30:00 -0500,1,-0.673
859,25-08-22 23:35:00 -0500,1,-0.994
860,25-08-22 23:40:00 -0500,1,-0.823
861,25-08-22 23:45:00 -0500,1,-1.037
862,25-08-22 23:50:00 -0500,1,-1.037
863,25-08-22 23:55:00 -0500,1,-1.102
864,25-08-23 00:00:00 -0500,1,-0.458
865,25-08-23 00:05:00 -0500,1,-0.051
866,25-08-23 00:10:00 -0500,1,-0.094
867,25-08-23 00:15:00 -0500,1,-0.523
868,25-08-23 00:20:00 -0500,1,-1.059
869,25-08-23 00:25:00 -0500,1,-1.402
870,25-08-23 00:30:00 -0500,1,-1.509
871,25-08-23 00:35:00 -0500,1,-1.08
872,25-08-23 00:40:00 -0500,1,-0.866
873,25-08-23 00:45:00 -0500,1,-0.93
874,25-08-23 00:50:00 -0500,1,-1.38
875,25-08-23 00:55:00 -0500,1,-1.573
876,25-08-23 01:00:00 -0500,1,-1.466
877,25-08-23 01:05:00 -0500,1,-1.788
878,25-08-23 01:10:00 -0500,1,-2.303
879,25-08-23 01:15:00 -0500,1,-2.346
880,25-08-23 01:20:00 -0500,1,-2.517
881,25-08-23 01:25:00 -0500,1,-2.667
882,25-08-23 01:30:00 -0500,1,-2.517
883,25-08-23 01:35:00 -0500,1,-2.346
884,25-08-23 01:40:00 -0500,1,-2.474
885,25-08-23 01:45:00 -0500,1,-2.217
886,25-08-23 01:50:00 -0500,1,-2.41
887,25-08-23 01:55:00 -0500,1,-2.968
888,25-08-23 02:00:00 -0500,1,-3.225
889,25-08-23 02:05:00 -0500,1,-2.946
890,25-08-23 02:10:00 -0500,1,-2.86
891,25-08-23 02:15:00 -0500,1,-3.289
892,25-08-23 02:20:00 -0500,1,-3.418
893,25-08-23 02:25:00 -0500,1,-3.354
894,25-08-23 02:30:00 -0500,1,-3.268
895,25-08-23 02:35:00 -0500,1,-3.096
896,25-08-23 02:40:00 -0500,1,-3.075
897,25-08-23 02:45:00 -0500,1,-2.946
898,25-08-23 02:50:00 -0500,1,-2.367
899,25-08-23 02:55:00 -0500,1,-1.895
900,25-08-23 03:00:00 -0500,1,-1.702
901,25-08-23 03:05:00 -0500,1,-1.488
902,25-08-23 03:10:00 -0500,1,-1.209
903,25-08-23 03:15:00 -0500,1,-0.93
904,25-08-23 03:20:00 -0500,1,-0.63
905,25-08-23 03:25:00 -0500,1,-0.437
906,25-08-23 03:30:00 -0500,1,-0.287
907,25-08-23 03:35:00 -0500,1,-0.329
908,25-08-23 03:40:00 -0500,1,-0.244
909,25-08-23 03:45:00 -0500,1,-0.051
910,25-08-23 03:50:00 -0500,1,0.164
911,25-08-23 03:55:00 -0500,1,0.292
912,25-08-23 04:00:00 -0500,1,0.142
913,25-08-23 04:05:00 -0500,1,-0.094
914,25-08-23 04:10:00 -0500,1,-0.115
915,25-08-23 04:15:00 -0500,1,0.25
916,25-08-23 04:20:00 -0500,1,0.164
917,25-08-23 04:25:00 -0500,1,-0.351
918,25-08-23 04:30:00 -0500,1,-0.501
919,25-08-23 04:35:00 -0500,1,-0.544
920,25-08-23 04:40:00 -0500,1,-0.501
921,25-08-23 04:45:00 -0500,1,-0.351
922,25-08-23 04:50:00 -0500,1,-0.458
923,25-08-23 04:55:00 -0500,1,-0.48
924,25-08-23 05:00:00 -0500,1,-0.222
925,25-08-23 05:05:00 -0500,1,0.099
926,25-08-23 05:10:00 -0500,1,0.421
927,25-08-23 05:15:00 -0500,1,0.7
928,25-08-23 05:20:00 -0500,1,0.786
929,25-08-23 05:25:00 -0500,1,0.936
930,25-08-23 05:30:00 -0500,1,1.022
931,25-08-23 05:35:00 -0500,1,1.065
932,25-08-23 05:40:00 -0500,1,1
933,25-08-23 05:45:00 -0500,1,1
934,25-08-23 05:50:00 -0500,1,1.108
935,25-08-23 05:55:00 -0500,1,1.15
936,25-08-23 06:00:00 -0500,1,1.279
937,25-08-23 06:05:00 -0500,4,1.494
938,25-08-23 06:10:00 -0500,11,1.815
939,25-08-23 06:15:00 -0500,19,2.008
940,25-08-23 06:20:00 -0500,28,2.094
941,25-08-23 06:25:00 -0500,41,2.502
942,25-08-23 06:30:00 -0500,48,2.823
943,25-08-23 06:35:00 -0500,63,3.124
944,25-08-23 06:40:00 -0500,81,3.574
945,25-08-23 06:45:00 -0500,77,3.767
946,25-08-23 06:50:00 -0500,91,3.831
947,25-08-23 06:55:00 -0500,104,4.175
948,25-08-23 07:00:00 -0500,119,4.904
949,25-08-23 07:05:00 -0500,118,5.504
950,25-08-23 07:10:00 -0500,148,5.719
951,25-08-23 07:15:00 -0500,158,5.783
952,25-08-23 07:20:00 -0500,167,5.483
953,25-08-23 07:25:00 -0500,166,5.419
954,25-08-23 07:30:00 -0500,248,6.255
955,25-08-23 07:35:00 -0500,398,8.507
956,25-08-23 07:40:00 -0500,316,10.051
957,25-08-23 07:45:00 -0500,418,11.982
958,25-08-23 07:50:00 -0500,393,13.29
959,25-08-23 07:55:00 -0500,372,13.183
960,25-08-23 08:00:00 -0500,464,13.59
961,25-08-23 08:05:00 -0500,419,14.598
962,25-08-23 08:10:00 -0500,403,15.177
963,25-08-23 08:15:00 -0500,447,14.641
964,25-08-23 08:20:00 -0500,467,16.872
965,25-08-23 08:25:00 -0500,511,17.58
966,25-08-23 08:30:00 -0500,533,18.652
967,25-08-23 08:35:00 -0500,533,19.982
968,25-08-23 08:40:00 -0500,476,19.081
969,25-08-23 08:45:00 -0500,587,18.781
970,25-08-23 08:50:00 -0500,543,20.11
971,25-08-23 08:55:00 -0500,548,18.137
972,25-08-23 09:00:00 -0500,584,17.73
973,25-08-23 09:05:00 -0500,633,19.66
974,25-08-23 09:10:00 -0500,601,18.116
975,25-08-23 09:15:00 -0500,638,20.218
976,25-08-23 09:20:00 -0500,718,20.346
977,25-08-23 09:25:00 -0500,741,20.882
978,25-08-23 09:30:00 -0500,726,22.663
979,25-08-23 09:35:00 -0500,648,20.175
980,25-08-23 09:40:00 -0500,763,19.445
981,25-08-23 09:45:00 -0500,762,18.416
982,25-08-23 09:50:00 -0500,796,21.183
983,25-08-23 09:55:00 -0500,884,20.067
984,25-08-23 10:00:00 -0500,837,21.976
985,25-08-23 10:05:00 -0500,712,21.655
986,25-08-23 10:10:00 -0500,446,17.344
987,25-08-23 10:15:00 -0500,503,17.515
988,25-08-23 10:20:00 -0500,"1,041",17.73
989,25-08-23 10:25:00 -0500,984,19.488
990,25-08-23 10:30:00 -0500,"1,091",19.874
991,25-08-23 10:35:00 -0500,"1,027",17.944
992,25-08-23 10:40:00 -0500,"1,043",17.344
993,25-08-23 10:45:00 -0500,302,15.692
994,25-08-23 10:50:00 -0500,439,17.494
995,25-08-23 10:55:00 -0500,341,16.121
996,25-08-23 11:00:00 -0500,387,15.349
997,25-08-23 11:05:00 -0500,528,20.132
998,25-08-23 11:10:00 -0500,974,22.555
999,25-08-23 11:15:00 -0500,469,20.046
1000,25-08-23 11:20:00 -0500,"1,122",24.336
1001,25-08-23 11:25:00 -0500,688,18.931
1002,25-08-23 11:30:00 -0500,"1,279",20.775
1003,25-08-23 11:35:00 -0500,486,22.963
1004,25-08-23 11:40:00 -0500,523,20.99
1005,25-08-23 11:45:00 -0500,"1,236",27.274
1006,25-08-23 11:50:00 -0500,898,25.043
1007,25-08-23 11:55:00 -0500,"1,189",21.504
1008,25-08-23 12:00:00 -0500,568,23.499
1009,25-08-23 12:05:00 -0500,479,20.99
1010,25-08-23 12:10:00 -0500,416,24.421
1011,25-08-23 12:15:00 -0500,409,18.609
1012,25-08-23 12:20:00 -0500,586,18.609
1013,25-08-23 12:25:00 -0500,476,18.866
1014,25-08-23 12:30:00 -0500,"1,138",20.025
1015,25-08-23 12:35:00 -0500,883,18.609
1016,25-08-23 12:40:00 -0500,426,17.773
1017,25-08-23 12:45:00 -0500,428,17.58
1018,25-08-23 12:50:00 -0500,409,17.494
1019,25-08-23 12:55:00 -0500,522,18.352
1020,25-08-23 13:00:00 -0500,541,19.21
1021,25-08-23 13:05:00 -0500,658,18.802
1022,25-08-23 13:10:00 -0500,784,19.274
1023,25-08-23 13:15:00 -0500,433,18.759
1024,25-08-23 13:20:00 -0500,457,17.794
1025,25-08-23 13:25:00 -0500,937,19.445
1026,25-08-23 13:30:00 -0500,753,22.084
1027,25-08-23 13:35:00 -0500,456,19.038
1028,25-08-23 13:40:00 -0500,619,20.797
1029,25-08-23 13:45:00 -0500,331,19.596
1030,25-08-23 13:50:00 -0500,299,17.172
1031,25-08-23 13:55:00 -0500,238,16.4
1032,25-08-23 14:00:00 -0500,238,15.992
1033,25-08-23 14:05:00 -0500,264,17.837
1034,25-08-23 14:10:00 -0500,239,17.386
1035,25-08-23 14:15:00 -0500,189,16.035
1036,25-08-23 14:20:00 -0500,197,15.821
1037,25-08-23 14:25:00 -0500,203,15.649
1038,25-08-23 14:30:00 -0500,147,15.799
1039,25-08-23 14:35:00 -0500,157,15.799
1040,25-08-23 14:40:00 -0500,161,15.263
1041,25-08-23 14:45:00 -0500,142,13.89
1042,25-08-23 14:50:00 -0500,187,13.054
1043,25-08-23 14:55:00 -0500,169,13.054
1044,25-08-23 15:00:00 -0500,131,13.054
1045,25-08-23 15:05:00 -0500,148,13.14
1046,25-08-23 15:10:00 -0500,204,13.998
1047,25-08-23 15:15:00 -0500,283,15.799
1048,25-08-23 15:20:00 -0500,454,18.652
1049,25-08-23 15:25:00 -0500,587,18.738
1050,25-08-23 15:30:00 -0500,347,20.025
1051,25-08-23 15:35:00 -0500,211,17.858
1052,25-08-23 15:40:00 -0500,187,16.336
1053,25-08-23 15:45:00 -0500,178,16.228
1054,25-08-23 15:50:00 -0500,196,17.451
1055,25-08-23 15:55:00 -0500,167,16.164
1056,25-08-23 16:00:00 -0500,188,15.799
1057,25-08-23 16:05:00 -0500,177,16.1
1058,25-08-23 16:10:00 -0500,194,17.258
1059,25-08-23 16:15:00 -0500,139,16.293
1060,25-08-23 16:20:00 -0500,109,14.834
1061,25-08-23 16:25:00 -0500,152,15.478
1062,25-08-23 16:30:00 -0500,223,17.365
1063,25-08-23 16:35:00 -0500,236,18.823
1064,25-08-23 16:40:00 -0500,238,18.609
1065,25-08-23 16:45:00 -0500,218,17.794
1066,25-08-23 16:50:00 -0500,192,17.751
1067,25-08-23 16:55:00 -0500,128,17.108
1068,25-08-23 17:00:00 -0500,117,15.478
1069,25-08-23 17:05:00 -0500,86,15.756
1070,25-08-23 17:10:00 -0500,48,13.183
1071,25-08-23 17:15:00 -0500,39,12.818
1072,25-08-23 17:20:00 -0500,24,12.668
1073,25-08-23 17:25:00 -0500,13,12.303
1074,25-08-23 17:30:00 -0500,8,11.789
1075,25-08-23 17:35:00 -0500,4,11.853
1076,25-08-23 17:40:00 -0500,1,11.445
1077,25-08-23 17:45:00 -0500,1,11.681
1078,25-08-23 17:50:00 -0500,1,11.746
1079,25-08-23 17:55:00 -0500,1,11.445
1080,25-08-23 18:00:00 -0500,1,11.252
1081,25-08-23 18:05:00 -0500,1,10.952
1082,25-08-23 18:10:00 -0500,1,10.888
1083,25-08-23 18:15:00 -0500,1,10.609
1084,25-08-23 18:20:00 -0500,1,10.716
1085,25-08-23 18:25:00 -0500,1,10.63
1086,25-08-23 18:30:00 -0500,1,10.309
1087,25-08-23 18:35:00 -0500,1,10.33
1088,25-08-23 18:40:00 -0500,1,9.923
1089,25-08-23 18:45:00 -0500,1,10.137
1090,25-08-23 18:50:00 -0500,1,10.309
1091,25-08-23 18:55:00 -0500,1,10.244
1092,25-08-23 19:00:00 -0500,1,10.201
1093,25-08-23 19:05:00 -0500,1,10.18
1094,25-08-23 19:10:00 -0500,1,9.923
1095,25-08-23 19:15:00 -0500,1,10.073
1096,25-08-23 19:20:00 -0500,1,9.322
1097,25-08-23 19:25:00 -0500,1,9.043
1098,25-08-23 19:30:00 -0500,1,8.528
1099,25-08-23 19:35:00 -0500,1,8.528
1100,25-08-23 19:40:00 -0500,1,8.722
1101,25-08-23 19:45:00 -0500,1,8.636
1102,25-08-23 19:50:00 -0500,1,8.872
1103,25-08-23 19:55:00 -0500,1,8.528
1104,25-08-23 20:00:00 -0500,1,9.022
1105,25-08-23 20:05:00 -0500,1,9.043
1106,25-08-23 20:10:00 -0500,1,8.7
1107,25-08-23 20:15:00 -0500,1,9.043
1108,25-08-23 20:20:00 -0500,1,8.786
1109,25-08-23 20:25:00 -0500,1,7.971
1110,25-08-23 20:30:00 -0500,1,7.778
1111,25-08-23 20:35:00 -0500,1,7.713
1112,25-08-23 20:40:00 -0500,1,7.842
1113,25-08-23 20:45:00 -0500,1,7.713
1114,25-08-23 20:50:00 -0500,1,8.014
1115,25-08-23 20:55:00 -0500,1,8.121
1116,25-08-23 21:00:00 -0500,1,8.207
1117,25-08-23 21:05:00 -0500,1,8.164
1118,25-08-23 21:10:00 -0500,1,7.413
1119,25-08-23 21:15:00 -0500,1,6.748
1120,25-08-23 21:20:00 -0500,1,5.976
1121,25-08-23 21:25:00 -0500,1,6.384
1122,25-08-23 21:30:00 -0500,1,6.169
1123,25-08-23 21:35:00 -0500,1,5.955
1124,25-08-23 21:40:00 -0500,1,5.504
1125,25-08-23 21:45:00 -0500,1,5.526
1126,25-08-23 21:50:00 -0500,1,5.59
1127,25-08-23 21:55:00 -0500,1,5.998
1128,25-08-23 22:00:00 -0500,1,6.512
1129,25-08-23 22:05:00 -0500,1,5.869
1130,25-08-23 22:10:00 -0500,1,5.74
1131,25-08-23 22:15:00 -0500,1,5.848
1132,25-08-23 22:20:00 -0500,1,6.062
1133,25-08-23 22:25:00 -0500,1,5.376
1134,25-08-23 22:30:00 -0500,1,5.011
1135,25-08-23 22:35:00 -0500,1,5.032
1136,25-08-23 22:40:00 -0500,1,6.255
1137,25-08-23 22:45:00 -0500,1,7.113
1138,25-08-23 22:50:00 -0500,1,7.542
1139,25-08-23 22:55:00 -0500,1,7.542
1140,25-08-23 23:00:00 -0500,1,7.542
1141,25-08-23 23:05:00 -0500,1,7.735
1142,25-08-23 23:10:00 -0500,1,7.478
1143,25-08-23 23:15:00 -0500,1,7.778
1144,25-08-23 23:20:00 -0500,1,7.907
1145,25-08-23 23:25:00 -0500,1,7.864
1146,25-08-23 23:30:00 -0500,1,7.735
1147,25-08-23 23:35:00 -0500,1,7.949
1148,25-08-23 23:40:00 -0500,1,7.885
1149,25-08-23 23:45:00 -0500,1,7.756
1150,25-08-23 23:50:00 -0500,1,7.671
1151,25-08-23 23:55:00 -0500,1,7.456
1152,25-08-24 00:00:00 -0500,1,7.52
1153,25-08-24 00:05:00 -0500,1,7.585
1154,25-08-24 00:10:00 -0500,1,7.628
1155,25-08-24 00:15:00 -0500,1,7.478
1156,25-08-24 00:20:00 -0500,1,7.478
1157,25-08-24 00:25:00 -0500,1,7.52
1158,25-08-24 00:30:00 -0500,1,7.478
1159,25-08-24 00:35:00 -0500,1,7.37
1160,25-08-24 00:40:00 -0500,1,7.263
1161,25-08-24 00:45:00 -0500,1,7.177
1162,25-08-24 00:50:00 -0500,1,7.134
1163,25-08-24 00:55:00 -0500,1,7.22
1164,25-08-24 01:00:00 -0500,1,7.113
1165,25-08-24 01:05:00 -0500,1,7.22
1166,25-08-24 01:10:00 -0500,1,7.327
1167,25-08-24 01:15:00 -0500,1,7.199
1168,25-08-24 01:20:00 -0500,1,6.62
1169,25-08-24 01:25:00 -0500,1,6.255
1170,25-08-24 01:30:00 -0500,1,6.255
1171,25-08-24 01:35:00 -0500,1,6.341
1172,25-08-24 01:40:00 -0500,1,6.255
1173,25-08-24 01:45:00 -0500,1,6.212
1174,25-08-24 01:50:00 -0500,1,6.255
1175,25-08-24 01:55:00 -0500,1,6.234
1176,25-08-24 02:00:00 -0500,1,6.148
1177,25-08-24 02:05:00 -0500,1,6.148
1178,25-08-24 02:10:00 -0500,1,5.848
1179,25-08-24 02:15:00 -0500,1,5.612
1180,25-08-24 02:20:00 -0500,1,5.397
1181,25-08-24 02:25:00 -0500,1,5.161
1182,25-08-24 02:30:00 -0500,1,4.947
1183,25-08-24 02:35:00 -0500,1,4.818
1184,25-08-24 02:40:00 -0500,1,4.689
1185,25-08-24 02:45:00 -0500,1,4.625
1186,25-08-24 02:50:00 -0500,1,4.646
1187,25-08-24 02:55:00 -0500,1,4.882
1188,25-08-24 03:00:00 -0500,1,5.226
1189,25-08-24 03:05:00 -0500,1,5.226
1190,25-08-24 03:10:00 -0500,1,5.247
1191,25-08-24 03:15:00 -0500,1,5.183
1192,25-08-24 03:20:00 -0500,1,4.775
1193,25-08-24 03:25:00 -0500,1,5.268
1194,25-08-24 03:30:00 -0500,1,5.397
1195,25-08-24 03:35:00 -0500,1,5.569
1196,25-08-24 03:40:00 -0500,1,4.968
1197,25-08-24 03:45:00 -0500,1,5.054
1198,25-08-24 03:50:00 -0500,1,4.689
1199,25-08-24 03:55:00 -0500,1,4.947
1200,25-08-24 04:00:00 -0500,1,4.904
1201,25-08-24 04:05:00 -0500,1,4.797
1202,25-08-24 04:10:00 -0500,1,4.775
1203,25-08-24 04:15:00 -0500,1,4.99
1204,25-08-24 04:20:00 -0500,1,5.183
1205,25-08-24 04:25:00 -0500,1,5.333
1206,25-08-24 04:30:00 -0500,1,5.397
1207,25-08-24 04:35:00 -0500,1,5.483
1208,25-08-24 04:40:00 -0500,1,5.483
1209,25-08-24 04:45:00 -0500,1,5.29
1210,25-08-24 04:50:00 -0500,1,5.354
1211,25-08-24 04:55:00 -0500,1,5.59
1212,25-08-24 05:00:00 -0500,1,5.44
1213,25-08-24 05:05:00 -0500,1,5.826
1214,25-08-24 05:10:00 -0500,1,5.826
1215,25-08-24 05:15:00 -0500,1,5.59
1216,25-08-24 05:20:00 -0500,1,5.461
1217,25-08-24 05:25:00 -0500,1,5.226
1218,25-08-24 05:30:00 -0500,1,5.311
1219,25-08-24 05:35:00 -0500,1,5.376
1220,25-08-24 05:40:00 -0500,1,5.268
1221,25-08-24 05:45:00 -0500,1,5.461
1222,25-08-24 05:50:00 -0500,1,5.74
1223,25-08-24 05:55:00 -0500,1,5.826
1224,25-08-24 06:00:00 -0500,2,5.461
1225,25-08-24 06:05:00 -0500,2,5.461
1226,25-08-24 06:10:00 -0500,3,5.848
1227,25-08-24 06:15:00 -0500,6,6.105
1228,25-08-24 06:20:00 -0500,8,6.276
1229,25-08-24 06:25:00 -0500,12,6.555
1230,25-08-24 06:30:00 -0500,21,6.663
1231,25-08-24 06:35:00 -0500,39,6.813
1232,25-08-24 06:40:00 -0500,49,6.984
1233,25-08-24 06:45:00 -0500,62,7.177
1234,25-08-24 06:50:00 -0500,79,7.542
1235,25-08-24 06:55:00 -0500,84,7.713
1236,25-08-24 07:00:00 -0500,83,7.949
1237,25-08-24 07:05:00 -0500,81,7.885
1238,25-08-24 07:10:00 -0500,113,8.078
1239,25-08-24 07:15:00 -0500,94,8.25
1240,25-08-24 07:20:00 -0500,99,8.378
1241,25-08-24 07:25:00 -0500,106,8.507
1242,25-08-24 07:30:00 -0500,122,8.528
1243,25-08-24 07:35:00 -0500,141,9.301
1244,25-08-24 07:40:00 -0500,128,9.365
1245,25-08-24 07:45:00 -0500,104,9.15
1246,25-08-24 07:50:00 -0500,114,8.936
1247,25-08-24 07:55:00 -0500,146,9.279
1248,25-08-24 08:00:00 -0500,134,9.794
1249,25-08-24 08:05:00 -0500,98,9.022
1250,25-08-24 08:10:00 -0500,97,8.915
1251,25-08-24 08:15:00 -0500,87,8.957
1252,25-08-24 08:20:00 -0500,111,9.108
1253,25-08-24 08:25:00 -0500,132,9.408
1254,25-08-24 08:30:00 -0500,133,9.429
1255,25-08-24 08:35:00 -0500,157,9.601
1256,25-08-24 08:40:00 -0500,164,9.987
1257,25-08-24 08:45:00 -0500,248,10.845
1258,25-08-24 08:50:00 -0500,316,12.239
1259,25-08-24 08:55:00 -0500,311,12.968
1260,25-08-24 09:00:00 -0500,352,13.247
1261,25-08-24 09:05:00 -0500,336,13.633
1262,25-08-24 09:10:00 -0500,337,13.311
1263,25-08-24 09:15:00 -0500,257,12.604
1264,25-08-24 09:20:00 -0500,258,11.789
1265,25-08-24 09:25:00 -0500,231,11.467
1266,25-08-24 09:30:00 -0500,197,11.124
1267,25-08-24 09:35:00 -0500,231,11.317
1268,25-08-24 09:40:00 -0500,207,11.488
1269,25-08-24 09:45:00 -0500,306,12.239
1270,25-08-24 09:50:00 -0500,273,12.775
1271,25-08-24 09:55:00 -0500,278,12.561
1272,25-08-24 10:00:00 -0500,327,14.534
1273,25-08-24 10:05:00 -0500,331,14.448
1274,25-08-24 10:10:00 -0500,"1,003",16.85
1275,25-08-24 10:15:00 -0500,936,15.928
1276,25-08-24 10:20:00 -0500,933,15.971
1277,25-08-24 10:25:00 -0500,"1,053",16.636
1278,25-08-24 10:30:00 -0500,266,16.464
1279,25-08-24 10:35:00 -0500,332,14.791
1280,25-08-24 10:40:00 -0500,681,17.73
1281,25-08-24 10:45:00 -0500,523,18.395
1282,25-08-24 10:50:00 -0500,"1,258",21.462
1283,25-08-24 10:55:00 -0500,447,18.266
1284,25-08-24 11:00:00 -0500,484,21.783
1285,25-08-24 11:05:00 -0500,513,17.687
1286,25-08-24 11:10:00 -0500,273,16.121
1287,25-08-24 11:15:00 -0500,298,14.62
1288,25-08-24 11:20:00 -0500,222,17.129
1289,25-08-24 11:25:00 -0500,231,14.405
1290,25-08-24 11:30:00 -0500,254,14.727
1291,25-08-24 11:35:00 -0500,287,14.941
1292,25-08-24 11:40:00 -0500,"1,279",22.084
1293,25-08-24 11:45:00 -0500,251,18.008
1294,25-08-24 11:50:00 -0500,242,15.885
1295,25-08-24 11:55:00 -0500,222,14.877
1296,25-08-24 12:00:00 -0500,178,15.327
1297,25-08-24 12:05:00 -0500,136,14.491
1298,25-08-24 12:10:00 -0500,194,14.941
1299,25-08-24 12:15:00 -0500,181,14.577
1300,25-08-24 12:20:00 -0500,204,14.877
1301,25-08-24 12:25:00 -0500,163,14.984
1302,25-08-24 12:30:00 -0500,132,14.083
1303,25-08-24 12:35:00 -0500,129,13.655
1304,25-08-24 12:40:00 -0500,153,13.697
1305,25-08-24 12:45:00 -0500,193,13.826
1306,25-08-24 12:50:00 -0500,322,14.362
1307,25-08-24 12:55:00 -0500,"1,279",17.966
1308,25-08-24 13:00:00 -0500,"1,174",24.4
1309,25-08-24 13:05:00 -0500,352,19.746
1310,25-08-24 13:10:00 -0500,"1,241",17.408
1311,25-08-24 13:15:00 -0500,323,17.537
1312,25-08-24 13:20:00 -0500,241,13.976
1313,25-08-24 13:25:00 -0500,257,13.054
1314,25-08-24 13:30:00 -0500,257,12.496
1315,25-08-24 13:35:00 -0500,237,11.939
1316,25-08-24 13:40:00 -0500,"1,062",14.384
1317,25-08-24 13:45:00 -0500,"1,129",19.553
1318,25-08-24 13:50:00 -0500,"1,143",20.582
1319,25-08-24 13:55:00 -0500,769,15.714
1320,25-08-24 14:00:00 -0500,479,15.177
1321,25-08-24 14:05:00 -0500,352,13.462
1322,25-08-24 14:10:00 -0500,214,11.939
1323,25-08-24 14:15:00 -0500,286,9.15
1324,25-08-24 14:20:00 -0500,246,11.231
1325,25-08-24 14:25:00 -0500,554,13.612
1326,25-08-24 14:30:00 -0500,242,17.386
1327,25-08-24 14:35:00 -0500,708,15.842
1328,25-08-24 14:40:00 -0500,136,15.521
1329,25-08-24 14:45:00 -0500,157,13.676
1330,25-08-24 14:50:00 -0500,182,14.083
1331,25-08-24 14:55:00 -0500,207,13.976
1332,25-08-24 15:00:00 -0500,142,13.462
1333,25-08-24 15:05:00 -0500,444,14.512
1334,25-08-24 15:10:00 -0500,379,17.108
1335,25-08-24 15:15:00 -0500,257,15.22
1336,25-08-24 15:20:00 -0500,326,16.164
1337,25-08-24 15:25:00 -0500,637,19.681
1338,25-08-24 15:30:00 -0500,557,20.046
1339,25-08-24 15:35:00 -0500,546,21.955
1340,25-08-24 15:40:00 -0500,498,22.019
1341,25-08-24 15:45:00 -0500,512,20.968
1342,25-08-24 15:50:00 -0500,501,21.376
1343,25-08-24 15:55:00 -0500,464,21.033
1344,25-08-24 16:00:00 -0500,428,19.96
1345,25-08-24 16:05:00 -0500,352,19.081
1346,25-08-24 16:10:00 -0500,328,18.309
1347,25-08-24 16:15:00 -0500,303,16.378
1348,25-08-24 16:20:00 -0500,296,17.236
1349,25-08-24 16:25:00 -0500,276,17.622
1350,25-08-24 16:30:00 -0500,256,17.365
1351,25-08-24 16:35:00 -0500,247,17.086
1352,25-08-24 16:40:00 -0500,252,17.043
1353,25-08-24 16:45:00 -0500,204,16.529
1354,25-08-24 16:50:00 -0500,186,16.228
1355,25-08-24 16:55:00 -0500,161,15.885
1356,25-08-24 17:00:00 -0500,132,15.628
1357,25-08-24 17:05:00 -0500,121,14.856
1358,25-08-24 17:10:00 -0500,33,11.917
1359,25-08-24 17:15:00 -0500,34,11.574
1360,25-08-24 17:20:00 -0500,27,11.338
1361,25-08-24 17:25:00 -0500,27,11.188
1362,25-08-24 17:30:00 -0500,14,10.909
1363,25-08-24 17:35:00 -0500,7,10.566
1364,25-08-24 17:40:00 -0500,3,10.33
1365,25-08-24 17:45:00 -0500,2,10.094
1366,25-08-24 17:50:00 -0500,1,9.494
1367,25-08-24 17:55:00 -0500,1,9.129
1368,25-08-24 18:00:00 -0500,1,8.614
1369,25-08-24 18:05:00 -0500,1,8.228
1370,25-08-24 18:10:00 -0500,1,7.928
1371,25-08-24 18:15:00 -0500,1,8.25
1372,25-08-24 18:20:00 -0500,1,7.907
1373,25-08-24 18:25:00 -0500,1,7.864
1374,25-08-24 18:30:00 -0500,1,7.799
1375,25-08-24 18:35:00 -0500,1,7.756
1376,25-08-24 18:40:00 -0500,1,7.778
1377,25-08-24 18:45:00 -0500,1,7.285
1378,25-08-24 18:50:00 -0500,1,7.199
1379,25-08-24 18:55:00 -0500,1,7.478
1380,25-08-24 19:00:00 -0500,1,7.091
1381,25-08-24 19:05:00 -0500,1,5.783
1382,25-08-24 19:10:00 -0500,1,5.955
1383,25-08-24 19:15:00 -0500,1,6.212
1384,25-08-24 19:20:00 -0500,1,6.255
1385,25-08-24 19:25:00 -0500,1,5.998
1386,25-08-24 19:30:00 -0500,1,5.848
1387,25-08-24 19:35:00 -0500,1,5.676
1388,25-08-24 19:40:00 -0500,1,5.805
1389,25-08-24 19:45:00 -0500,1,5.955
1390,25-08-24 19:50:00 -0500,1,6.212
1391,25-08-24 19:55:00 -0500,1,5.869
1392,25-08-24 20:00:00 -0500,1,5.333
1393,25-08-24 20:05:00 -0500,1,5.226
1394,25-08-24 20:10:00 -0500,1,5.504
1395,25-08-24 20:15:00 -0500,1,5.676
1396,25-08-24 20:20:00 -0500,1,5.805
1397,25-08-24 20:25:00 -0500,1,6.298
1398,25-08-24 20:30:00 -0500,1,6.941
1399,25-08-24 20:35:00 -0500,1,7.37
1400,25-08-24 20:40:00 -0500,1,7.327
1401,25-08-24 20:45:00 -0500,1,7.263
1402,25-08-24 20:50:00 -0500,1,7.306
1403,25-08-24 20:55:00 -0500,1,7.413
1404,25-08-24 21:00:00 -0500,1,7.542
1405,25-08-24 21:05:00 -0500,1,7.478
1406,25-08-24 21:10:00 -0500,1,7.22
1407,25-08-24 21:15:00 -0500,1,7.22
1408,25-08-24 21:20:00 -0500,1,6.791
1409,25-08-24 21:25:00 -0500,1,6.663
1410,25-08-24 21:30:00 -0500,1,6.77
1411,25-08-24 21:35:00 -0500,1,6.92
1412,25-08-24 21:40:00 -0500,1,6.813
1413,25-08-24 21:45:00 -0500,1,6.727
1414,25-08-24 21:50:00 -0500,1,6.748
1415,25-08-24 21:55:00 -0500,1,6.727
1416,25-08-24 22:00:00 -0500,1,6.898
1417,25-08-24 22:05:00 -0500,1,6.748
1418,25-08-24 22:10:00 -0500,1,6.234
1419,25-08-24 22:15:00 -0500,1,5.762
1420,25-08-24 22:20:00 -0500,1,4.99
1421,25-08-24 22:25:00 -0500,1,4.861
1422,25-08-24 22:30:00 -0500,1,4.797
1423,25-08-24 22:35:00 -0500,1,5.933
1424,25-08-24 22:40:00 -0500,1,5.676
1425,25-08-24 22:45:00 -0500,1,5.612
1426,25-08-24 22:50:00 -0500,1,5.955
1427,25-08-24 22:55:00 -0500,1,6.083
1428,25-08-24 23:00:00 -0500,1,6.169
1429,25-08-24 23:05:00 -0500,1,5.955
1430,25-08-24 23:10:00 -0500,1,5.998
1431,25-08-24 23:15:00 -0500,1,6.234
1432,25-08-24 23:20:00 -0500,1,6.577
1433,25-08-24 23:25:00 -0500,1,6.856
1434,25-08-24 23:30:00 -0500,1,6.856
1435,25-08-24 23:35:00 -0500,1,6.813
1436,25-08-24 23:40:00 -0500,1,6.748
1437,25-08-24 23:45:00 -0500,1,6.727
1438,25-08-24 23:50:00 -0500,1,6.877
1439,25-08-24 23:55:00 -0500,1,6.877
1440,25-08-25 00:00:00 -0500,1,6.898
1441,25-08-25 00:05:00 -0500,1,7.091
1442,25-08-25 00:10:00 -0500,1,6.984
1443,25-08-25 00:15:00 -0500,1,7.006
1444,25-08-25 00:20:00 -0500,1,6.898
1445,25-08-25 00:25:00 -0500,1,6.877
1446,25-08-25 00:30:00 -0500,1,6.834
1447,25-08-25 00:35:00 -0500,1,6.813
1448,25-08-25 00:40:00 -0500,1,6.813
1449,25-08-25 00:45:00 -0500,1,6.577
1450,25-08-25 00:50:00 -0500,1,6.319
1451,25-08-25 00:55:00 -0500,1,6.641
1452,25-08-25 01:00:00 -0500,1,6.684
1453,25-08-25 01:05:00 -0500,1,6.663
1454,25-08-25 01:10:00 -0500,1,6.641
1455,25-08-25 01:15:00 -0500,1,6.641
1456,25-08-25 01:20:00 -0500,1,6.534
1457,25-08-25 01:25:00 -0500,1,6.041
1458,25-08-25 01:30:00 -0500,1,6.019
1459,25-08-25 01:35:00 -0500,1,5.783
1460,25-08-25 01:40:00 -0500,1,5.805
1461,25-08-25 01:45:00 -0500,1,5.612
1462,25-08-25 01:50:00 -0500,1,5.011
1463,25-08-25 01:55:00 -0500,1,5.097
1464,25-08-25 02:00:00 -0500,1,5.054
1465,25-08-25 02:05:00 -0500,1,5.118
1466,25-08-25 02:10:00 -0500,1,5.204
1467,25-08-25 02:15:00 -0500,1,5.183
1468,25-08-25 02:20:00 -0500,1,5.161
1469,25-08-25 02:25:00 -0500,1,4.582
1470,25-08-25 02:30:00 -0500,1,4.368
1471,25-08-25 02:35:00 -0500,1,4.689
1472,25-08-25 02:40:00 -0500,1,4.904
1473,25-08-25 02:45:00 -0500,1,5.032
1474,25-08-25 02:50:00 -0500,1,4.925
1475,25-08-25 02:55:00 -0500,1,5.118
1476,25-08-25 03:00:00 -0500,1,4.625
1477,25-08-25 03:05:00 -0500,1,4.904
1478,25-08-25 03:10:00 -0500,1,4.904
1479,25-08-25 03:15:00 -0500,1,4.968
1480,25-08-25 03:20:00 -0500,1,4.797
1481,25-08-25 03:25:00 -0500,1,4.153
1482,25-08-25 03:30:00 -0500,1,4.132
1483,25-08-25 03:35:00 -0500,1,4.239
1484,25-08-25 03:40:00 -0500,1,4.282
1485,25-08-25 03:45:00 -0500,1,4.646
1486,25-08-25 03:50:00 -0500,1,4.646
1487,25-08-25 03:55:00 -0500,1,4.346
1488,25-08-25 04:00:00 -0500,1,4.282
1489,25-08-25 04:05:00 -0500,1,4.41
1490,25-08-25 04:10:00 -0500,1,4.539
1491,25-08-25 04:15:00 -0500,1,4.303
1492,25-08-25 04:20:00 -0500,1,4.26
1493,25-08-25 04:25:00 -0500,1,4.453
1494,25-08-25 04:30:00 -0500,1,4.389
1495,25-08-25 04:35:00 -0500,1,4.711
1496,25-08-25 04:40:00 -0500,1,4.625
1497,25-08-25 04:45:00 -0500,1,4.453
1498,25-08-25 04:50:00 -0500,1,4.175
1499,25-08-25 04:55:00 -0500,1,4.26
1500,25-08-25 05:00:00 -0500,1,4.432
1501,25-08-25 05:05:00 -0500,1,4.175
1502,25-08-25 05:10:00 -0500,1,4.282
1503,25-08-25 05:15:00 -0500,1,3.831
1504,25-08-25 05:20:00 -0500,1,3.681
1505,25-08-25 05:25:00 -0500,1,3.767
1506,25-08-25 05:30:00 -0500,1,3.81
1507,25-08-25 05:35:00 -0500,1,3.96
1508,25-08-25 05:40:00 -0500,1,4.153
1509,25-08-25 05:45:00 -0500,1,4.217
1510,25-08-25 05:50:00 -0500,1,3.831
1511,25-08-25 05:55:00 -0500,1,4.003
1512,25-08-25 06:00:00 -0500,2,3.896
1513,25-08-25 06:05:00 -0500,3,3.724
1514,25-08-25 06:10:00 -0500,6,3.703
1515,25-08-25 06:15:00 -0500,9,3.424
1516,25-08-25 06:20:00 -0500,12,3.424
1517,25-08-25 06:25:00 -0500,17,3.66
1518,25-08-25 06:30:00 -0500,23,3.853
1519,25-08-25 06:35:00 -0500,22,4.153
1520,25-08-25 06:40:00 -0500,21,4.475
1521,25-08-25 06:45:00 -0500,29,4.732
1522,25-08-25 06:50:00 -0500,53,5.204
1523,25-08-25 06:55:00 -0500,82,6.019
1524,25-08-25 07:00:00 -0500,82,6.727
1525,25-08-25 07:05:00 -0500,79,6.941
1526,25-08-25 07:10:00 -0500,93,7.199
1527,25-08-25 07:15:00 -0500,109,7.756
1528,25-08-25 07:20:00 -0500,116,8.293
1529,25-08-25 07:25:00 -0500,131,8.571
1530,25-08-25 07:30:00 -0500,138,8.915
1531,25-08-25 07:35:00 -0500,176,9.344
1532,25-08-25 07:40:00 -0500,196,10.437
1533,25-08-25 07:45:00 -0500,214,11.424
1534,25-08-25 07:50:00 -0500,206,12.26
1535,25-08-25 07:55:00 -0500,197,12.475
1536,25-08-25 08:00:00 -0500,199,11.145
1537,25-08-25 08:05:00 -0500,218,11.746
1538,25-08-25 08:10:00 -0500,228,11.917
1539,25-08-25 08:15:00 -0500,233,11.445
1540,25-08-25 08:20:00 -0500,266,11.51
1541,25-08-25 08:25:00 -0500,289,12.432
1542,25-08-25 08:30:00 -0500,306,12.11
1543,25-08-25 08:35:00 -0500,363,13.333
1544,25-08-25 08:40:00 -0500,346,13.204
1545,25-08-25 08:45:00 -0500,402,15.928
1546,25-08-25 08:50:00 -0500,683,18.116
1547,25-08-25 08:55:00 -0500,748,21.762
1548,25-08-25 09:00:00 -0500,238,16.85
1549,25-08-25 09:05:00 -0500,214,13.783
1550,25-08-25 09:10:00 -0500,891,20.325
1551,25-08-25 09:15:00 -0500,417,20.046
1552,25-08-25 09:20:00 -0500,287,17
1553,25-08-25 09:25:00 -0500,258,14.255
1554,25-08-25 09:30:00 -0500,206,14.191
1555,25-08-25 09:35:00 -0500,993,17.751
1556,25-08-25 09:40:00 -0500,996,23.027
1557,25-08-25 09:45:00 -0500,"1,113",20.282
1558,25-08-25 09:50:00 -0500,392,21.547
1559,25-08-25 09:55:00 -0500,"1,052",18.738
1560,25-08-25 10:00:00 -0500,243,17.086
1561,25-08-25 10:05:00 -0500,"1,074",17.451
1562,25-08-25 10:10:00 -0500,328,20.11
1563,25-08-25 10:15:00 -0500,297,15.327
1564,25-08-25 10:20:00 -0500,388,16.893
1565,25-08-25 10:25:00 -0500,324,16.271
1566,25-08-25 10:30:00 -0500,262,16.014
1567,25-08-25 10:35:00 -0500,236,14.899
1568,25-08-25 10:40:00 -0500,223,15.37
1569,25-08-25 10:45:00 -0500,264,14.684
1570,25-08-25 10:50:00 -0500,332,15.413
1571,25-08-25 10:55:00 -0500,272,14.92
1572,25-08-25 11:00:00 -0500,279,14.856
1573,25-08-25 11:05:00 -0500,269,15.285
1574,25-08-25 11:10:00 -0500,263,15.392
1575,25-08-25 11:15:00 -0500,239,15.177
1576,25-08-25 11:20:00 -0500,257,15.092
1577,25-08-25 11:25:00 -0500,333,16.958
1578,25-08-25 11:30:00 -0500,463,21.354
1579,25-08-25 11:35:00 -0500,532,19.467
1580,25-08-25 11:40:00 -0500,801,22.448
1581,25-08-25 11:45:00 -0500,336,16.979
1582,25-08-25 11:50:00 -0500,367,17.558
1583,25-08-25 11:55:00 -0500,353,17.236
1584,25-08-25 12:00:00 -0500,312,16.829
1585,25-08-25 12:05:00 -0500,267,16.85
1586,25-08-25 12:10:00 -0500,"1,094",25.172
1587,25-08-25 12:15:00 -0500,"1,256",25.472
1588,25-08-25 12:20:00 -0500,324,17.386
1589,25-08-25 12:25:00 -0500,239,16.228
1590,25-08-25 12:30:00 -0500,213,15.778
1591,25-08-25 12:35:00 -0500,581,16.443
1592,25-08-25 12:40:00 -0500,"1,141",19.167
1593,25-08-25 12:45:00 -0500,"1,136",19.789
1594,25-08-25 12:50:00 -0500,254,24.593
1595,25-08-25 12:55:00 -0500,"1,067",27.381
1596,25-08-25 13:00:00 -0500,272,18.845
1597,25-08-25 13:05:00 -0500,246,21.569
1598,25-08-25 13:10:00 -0500,288,17.901
1599,25-08-25 13:15:00 -0500,"1,047",23.714
1600,25-08-25 13:20:00 -0500,961,26.437
1601,25-08-25 13:25:00 -0500,968,26.437
1602,25-08-25 13:30:00 -0500,801,22.384
1603,25-08-25 13:35:00 -0500,933,24.121
1604,25-08-25 13:40:00 -0500,227,19.596
1605,25-08-25 13:45:00 -0500,256,17.558
1606,25-08-25 13:50:00 -0500,292,16.936
1607,25-08-25 13:55:00 -0500,322,18.845
1608,25-08-25 14:00:00 -0500,958,21.161
1609,25-08-25 14:05:00 -0500,256,21.783
1610,25-08-25 14:10:00 -0500,267,18.03
1611,25-08-25 14:15:00 -0500,156,14.169
1612,25-08-25 14:20:00 -0500,159,13.247
1613,25-08-25 14:25:00 -0500,202,13.462
1614,25-08-25 14:30:00 -0500,338,14.427
1615,25-08-25 14:35:00 -0500,787,20.475
1616,25-08-25 14:40:00 -0500,692,23.156
1617,25-08-25 14:45:00 -0500,686,16.85
1618,25-08-25 14:50:00 -0500,636,18.094
1619,25-08-25 14:55:00 -0500,622,18.738
1620,25-08-25 15:00:00 -0500,609,18.33
1621,25-08-25 15:05:00 -0500,614,17.837
1622,25-08-25 15:10:00 -0500,258,18.416
1623,25-08-25 15:15:00 -0500,171,16.185
1624,25-08-25 15:20:00 -0500,151,14.727
1625,25-08-25 15:25:00 -0500,126,14.341
1626,25-08-25 15:30:00 -0500,154,14.083
1627,25-08-25 15:35:00 -0500,487,19.789
1628,25-08-25 15:40:00 -0500,467,21.226
1629,25-08-25 15:45:00 -0500,437,21.676
1630,25-08-25 15:50:00 -0500,434,20.282
1631,25-08-25 15:55:00 -0500,84,17.408
1632,25-08-25 16:00:00 -0500,74,12.84
1633,25-08-25 16:05:00 -0500,52,11.939
1634,25-08-25 16:10:00 -0500,78,11.917
1635,25-08-25 16:15:00 -0500,73,11.874
1636,25-08-25 16:20:00 -0500,74,12.025
1637,25-08-25 16:25:00 -0500,98,12.604
1638,25-08-25 16:30:00 -0500,92,13.097
1639,25-08-25 16:35:00 -0500,72,12.861
1640,25-08-25 16:40:00 -0500,44,12.303
1641,25-08-25 16:45:00 -0500,59,11.874
1642,25-08-25 16:50:00 -0500,118,13.462
1643,25-08-25 16:55:00 -0500,169,15.027
1644,25-08-25 17:00:00 -0500,156,15.563
1645,25-08-25 17:05:00 -0500,132,14.341
1646,25-08-25 17:10:00 -0500,33,11.853
1647,25-08-25 17:15:00 -0500,31,11.403
1648,25-08-25 17:20:00 -0500,29,11.231
1649,25-08-25 17:25:00 -0500,23,11.231
1650,25-08-25 17:30:00 -0500,17,10.974
1651,25-08-25 17:35:00 -0500,8,10.995
1652,25-08-25 17:40:00 -0500,3,10.652
1653,25-08-25 17:45:00 -0500,1,10.416
1654,25-08-25 17:50:00 -0500,1,9.751
1655,25-08-25 17:55:00 -0500,1,9.086
1656,25-08-25 18:00:00 -0500,1,9.644
1657,25-08-25 18:05:00 -0500,1,9.494
1658,25-08-25 18:10:00 -0500,1,8.528
1659,25-08-25 18:15:00 -0500,1,8.764
1660,25-08-25 18:20:00 -0500,1,8.4
1661,25-08-25 18:25:00 -0500,1,7.928
1662,25-08-25 18:30:00 -0500,1,7.778
1663,25-08-25 18:35:00 -0500,1,8.55
1664,25-08-25 18:40:00 -0500,1,8.035
1665,25-08-25 18:45:00 -0500,1,7.177
1666,25-08-25 18:50:00 -0500,1,7.778
1667,25-08-25 18:55:00 -0500,1,7.907
1668,25-08-25 19:00:00 -0500,1,7.949
1669,25-08-25 19:05:00 -0500,1,7.499
1670,25-08-25 19:10:00 -0500,1,7.134
1671,25-08-25 19:15:00 -0500,1,7.52
1672,25-08-25 19:20:00 -0500,1,7.091
1673,25-08-25 19:25:00 -0500,1,6.834
1674,25-08-25 19:30:00 -0500,1,6.77
1675,25-08-25 19:35:00 -0500,1,6.813
1676,25-08-25 19:40:00 -0500,1,6.963
1677,25-08-25 19:45:00 -0500,1,6.813
1678,25-08-25 19:50:00 -0500,1,6.684
1679,25-08-25 19:55:00 -0500,1,5.311
1680,25-08-25 20:00:00 -0500,1,5.955
1681,25-08-25 20:05:00 -0500,1,5.569
1682,25-08-25 20:10:00 -0500,1,5.333
1683,25-08-25 20:15:00 -0500,1,5.826
1684,25-08-25 20:20:00 -0500,1,5.805
1685,25-08-25 20:25:00 -0500,1,5.612
1686,25-08-25 20:30:00 -0500,1,5.44
1687,25-08-25 20:35:00 -0500,1,5.268
1688,25-08-25 20:40:00 -0500,1,5.118
1689,25-08-25 20:45:00 -0500,1,4.41
1690,25-08-25 20:50:00 -0500,1,4.11
1691,25-08-25 20:55:00 -0500,1,4.11
1692,25-08-25 21:00:00 -0500,1,3.81
1693,25-08-25 21:05:00 -0500,1,3.767
1694,25-08-25 21:10:00 -0500,1,4.132
1695,25-08-25 21:15:00 -0500,1,4.625
1696,25-08-25 21:20:00 -0500,1,4.689
1697,25-08-25 21:25:00 -0500,1,3.703
1698,25-08-25 21:30:00 -0500,1,4.024
1699,25-08-25 21:35:00 -0500,1,3.274
1700,25-08-25 21:40:00 -0500,1,2.716
1701,25-08-25 21:45:00 -0500,1,2.888
1702,25-08-25 21:50:00 -0500,1,2.502
1703,25-08-25 21:55:00 -0500,1,2.351
1704,25-08-25 22:00:00 -0500,1,2.587
1705,25-08-25 22:05:00 -0500,1,2.652
1706,25-08-25 22:10:00 -0500,1,2.373
1707,25-08-25 22:15:00 -0500,1,2.845
1708,25-08-25 22:20:00 -0500,1,3.188
1709,25-08-25 22:25:00 -0500,1,3.252
1710,25-08-25 22:30:00 -0500,1,3.317
1711,25-08-25 22:35:00 -0500,1,3.467
1712,25-08-25 22:40:00 -0500,1,4.132
1713,25-08-25 22:45:00 -0500,1,4.797
1714,25-08-25 22:50:00 -0500,1,4.904
1715,25-08-25 22:55:00 -0500,1,4.968
1716,25-08-25 23:00:00 -0500,1,5.097
1717,25-08-25 23:05:00 -0500,1,4.904
1718,25-08-25 23:10:00 -0500,1,4.625
1719,25-08-25 23:15:00 -0500,1,4.968
1720,25-08-25 23:20:00 -0500,1,4.067
1721,25-08-25 23:25:00 -0500,1,3.982
1722,25-08-25 23:30:00 -0500,1,3.939
1723,25-08-25 23:35:00 -0500,1,3.703
1724,25-08-25 23:40:00 -0500,1,3.96
1725,25-08-25 23:45:00 -0500,1,4.453
1726,25-08-25 23:50:00 -0500,1,4.882
1727,25-08-25 23:55:00 -0500,1,4.625
1728,25-08-26 00:00:00 -0500,1,4.432
1729,25-08-26 00:05:00 -0500,1,4.604
1730,25-08-26 00:10:00 -0500,1,4.196
1731,25-08-26 00:15:00 -0500,1,4.453
1732,25-08-26 00:20:00 -0500,1,4.711
1733,25-08-26 00:25:00 -0500,1,4.732
1734,25-08-26 00:30:00 -0500,1,4.732
1735,25-08-26 00:35:00 -0500,1,4.925
1736,25-08-26 00:40:00 -0500,1,5.011
1737,25-08-26 00:45:00 -0500,1,4.861
1738,25-08-26 00:50:00 -0500,1,4.861
1739,25-08-26 00:55:00 -0500,1,4.646
1740,25-08-26 01:00:00 -0500,1,4.475
1741,25-08-26 01:05:00 -0500,1,4.239
1742,25-08-26 01:10:00 -0500,1,5.526
1743,25-08-26 01:15:00 -0500,1,5.976
1744,25-08-26 01:20:00 -0500,1,5.976
1745,25-08-26 01:25:00 -0500,1,5.976
1746,25-08-26 01:30:00 -0500,1,5.912
1747,25-08-26 01:35:00 -0500,1,5.805
1748,25-08-26 01:40:00 -0500,1,5.74
1749,25-08-26 01:45:00 -0500,1,5.676
1750,25-08-26 01:50:00 -0500,1,5.676
1751,25-08-26 01:55:00 -0500,1,5.483
1752,25-08-26 02:00:00 -0500,1,5.419
1753,25-08-26 02:05:00 -0500,1,5.44
1754,25-08-26 02:10:00 -0500,1,5.526
1755,25-08-26 02:15:00 -0500,1,5.654
1756,25-08-26 02:20:00 -0500,1,5.74
1757,25-08-26 02:25:00 -0500,1,5.676
1758,25-08-26 02:30:00 -0500,1,5.226
1759,25-08-26 02:35:00 -0500,1,5.161
1760,25-08-26 02:40:00 -0500,1,5.161
1761,25-08-26 02:45:00 -0500,1,5.14
1762,25-08-26 02:50:00 -0500,1,5.226
1763,25-08-26 02:55:00 -0500,1,5.461
1764,25-08-26 03:00:00 -0500,1,5.311
1765,25-08-26 03:05:00 -0500,1,5.805
1766,25-08-26 03:10:00 -0500,1,5.976
1767,25-08-26 03:15:00 -0500,1,5.912
1768,25-08-26 03:20:00 -0500,1,5.783
1769,25-08-26 03:25:00 -0500,1,5.633
1770,25-08-26 03:30:00 -0500,1,5.547
1771,25-08-26 03:35:00 -0500,1,5.526
1772,25-08-26 03:40:00 -0500,1,5.268
1773,25-08-26 03:45:00 -0500,1,5.354
1774,25-08-26 03:50:00 -0500,1,5.397
1775,25-08-26 03:55:00 -0500,1,5.397
1776,25-08-26 04:00:00 -0500,1,5.44
1777,25-08-26 04:05:00 -0500,1,5.333
1778,25-08-26 04:10:00 -0500,1,5.268
1779,25-08-26 04:15:00 -0500,1,5.483
1780,25-08-26 04:20:00 -0500,1,5.483
1781,25-08-26 04:25:00 -0500,1,5.654
1782,25-08-26 04:30:00 -0500,1,5.612
1783,25-08-26 04:35:00 -0500,1,5.633
1784,25-08-26 04:40:00 -0500,1,5.526
1785,25-08-26 04:45:00 -0500,1,5.504
1786,25-08-26 04:50:00 -0500,1,5.333
1787,25-08-26 04:55:00 -0500,1,5.097
1788,25-08-26 05:00:00 -0500,1,4.947
1789,25-08-26 05:05:00 -0500,1,4.775
1790,25-08-26 05:10:00 -0500,1,4.582
1791,25-08-26 05:15:00 -0500,1,4.432
1792,25-08-26 05:20:00 -0500,1,4.518
1793,25-08-26 05:25:00 -0500,1,4.582
1794,25-08-26 05:30:00 -0500,1,4.947
1795,25-08-26 05:35:00 -0500,1,5.054
1796,25-08-26 05:40:00 -0500,1,5.14
1797,25-08-26 05:45:00 -0500,1,5.075
1798,25-08-26 05:50:00 -0500,1,4.818
1799,25-08-26 05:55:00 -0500,2,4.947
1800,25-08-26 06:00:00 -0500,3,4.775
1801,25-08-26 06:05:00 -0500,7,5.097
1802,25-08-26 06:10:00 -0500,14,5.118
1803,25-08-26 06:15:00 -0500,31,5.247
1804,25-08-26 06:20:00 -0500,37,5.783
1805,25-08-26 06:25:00 -0500,62,6.469
1806,25-08-26 06:30:00 -0500,43,7.285
1807,25-08-26 06:35:00 -0500,49,6.727
1808,25-08-26 06:40:00 -0500,59,6.062
1809,25-08-26 06:45:00 -0500,62,6.083
1810,25-08-26 06:50:00 -0500,62,6.341
1811,25-08-26 06:55:00 -0500,231,7.778
1812,25-08-26 07:00:00 -0500,178,9.601
1813,25-08-26 07:05:00 -0500,276,9.579
1814,25-08-26 07:10:00 -0500,289,9.858
1815,25-08-26 07:15:00 -0500,309,10.051
1816,25-08-26 07:20:00 -0500,329,10.909
1817,25-08-26 07:25:00 -0500,352,11.231
1818,25-08-26 07:30:00 -0500,374,12.453
1819,25-08-26 07:35:00 -0500,392,12.175
1820,25-08-26 07:40:00 -0500,418,12.411
1821,25-08-26 07:45:00 -0500,424,12.689
1822,25-08-26 07:50:00 -0500,446,12.84
1823,25-08-26 07:55:00 -0500,464,13.805
1824,25-08-26 08:00:00 -0500,486,14.126
1825,25-08-26 08:05:00 -0500,501,14.663
1826,25-08-26 08:10:00 -0500,524,15.006
1827,25-08-26 08:15:00 -0500,543,15.392
1828,25-08-26 08:20:00 -0500,577,14.727
1829,25-08-26 08:25:00 -0500,596,15.756
1830,25-08-26 08:30:00 -0500,618,16.207
1831,25-08-26 08:35:00 -0500,636,16.357
1832,25-08-26 08:40:00 -0500,658,18.781
1833,25-08-26 08:45:00 -0500,483,20.99
1834,25-08-26 08:50:00 -0500,769,15.563
1835,25-08-26 08:55:00 -0500,218,17.558
1836,25-08-26 09:00:00 -0500,909,20.218
1837,25-08-26 09:05:00 -0500,279,16.85
1838,25-08-26 09:10:00 -0500,894,22.834
1839,25-08-26 09:15:00 -0500,223,15.242
1840,25-08-26 09:20:00 -0500,352,22.041
1841,25-08-26 09:25:00 -0500,212,19.703
1842,25-08-26 09:30:00 -0500,203,19.596
1843,25-08-26 09:35:00 -0500,937,22.598
1844,25-08-26 09:40:00 -0500,952,24.4
1845,25-08-26 09:45:00 -0500,"1,014",22.534
1846,25-08-26 09:50:00 -0500,984,20.11
1847,25-08-26 09:55:00 -0500,138,19.66
1848,25-08-26 10:00:00 -0500,954,21.612
1849,25-08-26 10:05:00 -0500,"1,102",19.488
1850,25-08-26 10:10:00 -0500,953,18.502
1851,25-08-26 10:15:00 -0500,922,18.352
1852,25-08-26 10:20:00 -0500,953,17.472
1853,25-08-26 10:25:00 -0500,988,17.108
1854,25-08-26 10:30:00 -0500,"1,011",17.751
1855,25-08-26 10:35:00 -0500,"1,023",18.03
1856,25-08-26 10:40:00 -0500,"1,042",17.923
1857,25-08-26 10:45:00 -0500,"1,024",17.451
1858,25-08-26 10:50:00 -0500,"1,031",21.311
1859,25-08-26 10:55:00 -0500,"1,112",19.639
1860,25-08-26 11:00:00 -0500,"1,087",23.821
1861,25-08-26 11:05:00 -0500,"1,226",25.301
1862,25-08-26 11:10:00 -0500,516,20.346
1863,25-08-26 11:15:00 -0500,654,20.604
1864,25-08-26 11:20:00 -0500,438,18.523
1865,25-08-26 11:25:00 -0500,406,18.781
1866,25-08-26 11:30:00 -0500,358,17.408
1867,25-08-26 11:35:00 -0500,391,16.314
1868,25-08-26 11:40:00 -0500,458,18.223
1869,25-08-26 11:45:00 -0500,487,20.26
1870,25-08-26 11:50:00 -0500,"1,189",27.896
1871,25-08-26 11:55:00 -0500,"1,127",24.636
1872,25-08-26 12:00:00 -0500,607,23.735
1873,25-08-26 12:05:00 -0500,"1,149",23.092
1874,25-08-26 12:10:00 -0500,"1,156",25.043
1875,25-08-26 12:15:00 -0500,822,21.998
1876,25-08-26 12:20:00 -0500,"1,141",23.971
1877,25-08-26 12:25:00 -0500,"1,036",26.652
1878,25-08-26 12:30:00 -0500,383,26.373
1879,25-08-26 12:35:00 -0500,"1,037",25.279
1880,25-08-26 12:40:00 -0500,"1,104",20.732
1881,25-08-26 12:45:00 -0500,331,21.226
1882,25-08-26 12:50:00 -0500,307,21.569
1883,25-08-26 12:55:00 -0500,"1,082",21.826
1884,25-08-26 13:00:00 -0500,999,24.979
1885,25-08-26 13:05:00 -0500,934,24.486
1886,25-08-26 13:10:00 -0500,206,23.456
1887,25-08-26 13:15:00 -0500,259,19.467
1888,25-08-26 13:20:00 -0500,246,16.958
1889,25-08-26 13:25:00 -0500,271,16.4
1890,25-08-26 13:30:00 -0500,369,17.451
1891,25-08-26 13:35:00 -0500,432,21.547
1892,25-08-26 13:40:00 -0500,354,20.153
1893,25-08-26 13:45:00 -0500,253,17.279
1894,25-08-26 13:50:00 -0500,228,15.628
1895,25-08-26 13:55:00 -0500,234,15.478
1896,25-08-26 14:00:00 -0500,968,20.046
1897,25-08-26 14:05:00 -0500,"1,002",19.767
1898,25-08-26 14:10:00 -0500,511,22.47
1899,25-08-26 14:15:00 -0500,891,25.065
1900,25-08-26 14:20:00 -0500,787,25.387
1901,25-08-26 14:25:00 -0500,734,23.757
1902,25-08-26 14:30:00 -0500,121,18.738
1903,25-08-26 14:35:00 -0500,103,15.092
1904,25-08-26 14:40:00 -0500,139,14.856
1905,25-08-26 14:45:00 -0500,784,21.419
